-- phpMyAdmin SQL Dump
-- version 4.7.0
-- https://www.phpmyadmin.net/
--
-- Máy chủ: 127.0.0.1
-- Thời gian đã tạo: Th12 31, 2000 lúc 07:17 PM
-- Phiên bản máy phục vụ: 10.1.25-MariaDB
-- Phiên bản PHP: 5.6.31

SET SQL_MODE = "NO_AUTO_VALUE_ON_ZERO";
SET AUTOCOMMIT = 0;
START TRANSACTION;
SET time_zone = "+00:00";


/*!40101 SET @OLD_CHARACTER_SET_CLIENT=@@CHARACTER_SET_CLIENT */;
/*!40101 SET @OLD_CHARACTER_SET_RESULTS=@@CHARACTER_SET_RESULTS */;
/*!40101 SET @OLD_COLLATION_CONNECTION=@@COLLATION_CONNECTION */;
/*!40101 SET NAMES utf8mb4 */;

--
-- Cơ sở dữ liệu: `webbanhang`
--

-- --------------------------------------------------------

--
-- Cấu trúc bảng cho bảng `chitiethoadon`
--

CREATE TABLE `chitiethoadon` (
  `idSP` int(11) NOT NULL,
  `soluong` int(11) NOT NULL,
  `tensp` varchar(50) NOT NULL,
  `Dongia` int(11) NOT NULL,
  `maHD` int(11) NOT NULL
) ENGINE=InnoDB DEFAULT CHARSET=utf8;

--
-- Đang đổ dữ liệu cho bảng `chitiethoadon`
--

INSERT INTO `chitiethoadon` (`idSP`, `soluong`, `tensp`, `Dongia`, `maHD`) VALUES
(1, 12, 'àbhaeklthlwf', 120000, 1);

-- --------------------------------------------------------

--
-- Cấu trúc bảng cho bảng `chungloaisanpham`
--

CREATE TABLE `chungloaisanpham` (
  `idCL` int(12) NOT NULL,
  `TenCL` varchar(100) CHARACTER SET utf8 NOT NULL
) ENGINE=InnoDB DEFAULT CHARSET=utf8mb4;

--
-- Đang đổ dữ liệu cho bảng `chungloaisanpham`
--

INSERT INTO `chungloaisanpham` (`idCL`, `TenCL`) VALUES
(1, 'Laptops'),
(2, 'Tablet');

-- --------------------------------------------------------

--
-- Cấu trúc bảng cho bảng `hoadon`
--

CREATE TABLE `hoadon` (
  `maHD` int(11) NOT NULL,
  `TenKH` text NOT NULL,
  `NgayDat` date NOT NULL,
  `NgayXuat` date NOT NULL,
  `Tinhtrang` text NOT NULL
) ENGINE=InnoDB DEFAULT CHARSET=utf8;

--
-- Đang đổ dữ liệu cho bảng `hoadon`
--

INSERT INTO `hoadon` (`maHD`, `TenKH`, `NgayDat`, `NgayXuat`, `Tinhtrang`) VALUES
(1, 'nguyen van a', '2017-12-03', '2017-12-29', 'tot');

-- --------------------------------------------------------

--
-- Cấu trúc bảng cho bảng `khachhang`
--

CREATE TABLE `khachhang` (
  `MaKH` int(50) NOT NULL,
  `TenKH` text NOT NULL,
  `Diachi` text NOT NULL,
  `sdt` int(11) NOT NULL
) ENGINE=InnoDB DEFAULT CHARSET=utf8;

--
-- Đang đổ dữ liệu cho bảng `khachhang`
--

INSERT INTO `khachhang` (`MaKH`, `TenKH`, `Diachi`, `sdt`) VALUES
(1, 'nguyen van a', 'q12, tp.HCM', 978610064);

-- --------------------------------------------------------

--
-- Cấu trúc bảng cho bảng `loaisp`
--

CREATE TABLE `loaisp` (
  `idLoai` int(11) NOT NULL,
  `tenloai` text CHARACTER SET utf8 NOT NULL,
  `AnHien` int(11) NOT NULL,
  `idCL` int(11) NOT NULL
) ENGINE=InnoDB DEFAULT CHARSET=utf8mb4;

--
-- Đang đổ dữ liệu cho bảng `loaisp`
--

INSERT INTO `loaisp` (`idLoai`, `tenloai`, `AnHien`, `idCL`) VALUES
(1, 'asus', 1, 1),
(4, 'dell', 1, 1),
(5, 'macbook(apple)', 1, 1),
(6, 'HP-compag', 1, 1),
(7, 'acer', 1, 1),
(8, 'lenovo', 1, 1),
(9, 'MSI', 0, 1),
(10, 'LG', 1, 1),
(11, 'sony VAIO', 0, 1),
(13, 'ipad(apple)', 1, 2),
(14, 'samsung', 1, 2),
(15, 'Asus', 1, 2),
(16, 'Lenovo', 1, 2),
(17, 'Huawei', 1, 2),
(18, 'Acer', 1, 2),
(19, 'itel', 1, 2),
(20, 'Mobell', 1, 2),
(21, 'son', 0, 1);

-- --------------------------------------------------------

--
-- Cấu trúc bảng cho bảng `sanpham`
--

CREATE TABLE `sanpham` (
  `idLoai` int(11) NOT NULL,
  `idSP` int(11) NOT NULL,
  `gia` int(11) NOT NULL,
  `MoTa` text CHARACTER SET utf8 NOT NULL,
  `Tensp` varchar(50) CHARACTER SET utf8 NOT NULL,
  `ghichu` text CHARACTER SET utf8 NOT NULL,
  `Anhien` int(11) NOT NULL,
  `hinh` varchar(50) CHARACTER SET utf8 NOT NULL
) ENGINE=InnoDB DEFAULT CHARSET=utf8mb4;

--
-- Đang đổ dữ liệu cho bảng `sanpham`
--

INSERT INTO `sanpham` (`idLoai`, `idSP`, `gia`, `MoTa`, `Tensp`, `ghichu`, `Anhien`, `hinh`) VALUES
(1, 1, 4990000, '', 'Asus E200HA-FD0043TS', 'jndkjfh', 1, '636163521021135012_00265244.jpg'),
(1, 2, 5290000, '<ul>\r\n  <li>Thông số cơ bản</li>\r\n  <li>\r\n    <label>CPU :</label>\r\n    <a target=\"_blank\" href=\"https://fptshop.com.vn/tin-tuc/danh-gia/tim-hieu-cac-dong-cpu-intel-tren-laptop56395\">Intel, Atom</a></li>\r\n  <li>\r\n    <label>RAM :</label>\r\n    <a target=\"_blank\" href=\"https://fptshop.com.vn/tin-tuc/danh-gia/ram-la-gi-56446\">4 GB, DDR3L</a></li>\r\n  <li>\r\n    <label>Ổ cứng :</label>\r\n    eMMC, 32 GB</li>\r\n  <li>\r\n    <label>Màn hình :</label>\r\n    11.6 inch, 1366 x 768 pixels</li>\r\n  <li>\r\n    <label>Card màn hình :</label>\r\n    <a target=\"_blank\" href=\"http://fptshop.com.vn/tin-tuc/danh-gia/tim-hieu-ve-chip-do-hoa-tich-hop-intel-hd-graphics-56495\">Intel HD Graphic, Tích hợp</a></li>\r\n  <li>\r\n    <label>Cổng kết nối :</label>\r\n    LAN : KhôngWIFI : 802.11b/g</li>\r\n  <li>\r\n    <label>Hệ điều hành :</label>\r\n    <a target=\"_blank\" href=\"https://fptshop.com.vn/tin-tuc/tin-moi/tong-hop-cac-he-dieu-hanh-thong-dung-tren-laptop-56318\">Windows 10</a></li>\r\n  <li>\r\n    <label>Trọng lượng :</label>\r\n    0.98 Kg</li>\r\n  <li>\r\n    <label>Kích thước :</label>\r\n    286 x 193 x 17.5 mm</li>\r\n  <li>RAM</li>\r\n  <li>\r\n    <label data-id=\"61\">Dung lượng RAM :</label>\r\n    4 GB</li>\r\n  <li>\r\n    <label data-id=\"62\">Loại RAM :</label>\r\n    <a target=\"_blank\" href=\"http://fptshop.com.vn/tin-tuc/danh-gia/ram-la-gi-56446\" title=\"	DDR3L\">DDR3L</a></li>\r\n  <li>\r\n    <label data-id=\"63\">Tốc độ BUS RAM :</label>\r\n    1600 MHz</li>\r\n  <li>\r\n    <label data-id=\"1258\">Số lượng khe RAM :</label>\r\n    0 (onboard RAM)</li>\r\n  <li>Đĩa cứng</li>\r\n  <li>\r\n    <label data-id=\"64\">Loại ổ đĩa :</label>\r\n  </li>\r\n  <li>\r\n    <label data-id=\"65\">Dung lượng ổ đĩa :</label>\r\n    32 GB</li>\r\n  <li>\r\n    <label data-id=\"1259\">Khe cắm ổ SSD :</label>\r\n    Không</li>\r\n  <li>Đồ họa</li>\r\n  <li>\r\n    <label data-id=\"73\">Chipset đồ họa :</label>\r\n    <a target=\"_blank\" href=\"https://fptshop.com.vn/tin-tuc/danh-gia/tim-hieu-ve-chip-do-hoa-tich-hop-intel-hd-graphics-56495\" title=\"Intel HD Graphic\">Intel HD Graphic</a></li>\r\n  <li>\r\n    <label data-id=\"74\">Bộ nhớ đồ họa :</label>\r\n    Share</li>\r\n  <li>\r\n    <label data-id=\"75\">Kiểu thiết kế đồ họa :</label>\r\n    Tích hợp</li>\r\n  <li>Màn hình</li>\r\n  <li>\r\n    <label data-id=\"773\">Kích thước màn hình :</label>\r\n  </li>\r\n  <li>\r\n    <label data-id=\"774\">Độ phân giải (W x H) :</label>\r\n    1366 x 768 pixels</li>\r\n  <li>\r\n    <label data-id=\"775\">Công nghệ màn hình :</label>\r\n    <a target=\"_blank\" href=\"https://fptshop.com.vn/tin-tuc/danh-gia/ban-co-biet-6-cong-nghe-man-hinh-laptop-pho-bien-hien-nay-56467\" title=\"HD LED\">HD LED</a></li>\r\n  <li>\r\n    <label data-id=\"776\">Cảm ứng :</label>\r\n    Không</li>\r\n  <li>Âm thanh</li>\r\n  <li>\r\n    <label data-id=\"76\">Kênh âm thanh :</label>\r\n    2.0</li>\r\n  <li>\r\n    <label data-id=\"77\">Thông tin thêm :</label>\r\n    <a target=\"_blank\" href=\"https://fptshop.com.vn/tin-tuc/danh-gia/cac-cong-nghe-am-thanh-noi-bat-tren-laptop-56422\" title=\"Sonic Master\">Sonic Master</a></li>\r\n  <li>Đĩa quang</li>\r\n  <li>\r\n    <label data-id=\"78\">Có sẵn đĩa quang :</label>\r\n    <a target=\"_blank\" href=\"https://fptshop.com.vn/tin-tuc/thu-thuat/chuc-nang-cua-o-dia-quang-tren-laptop-56421\" title=\"Không\">Không</a></li>\r\n  <li>Tính năng mở rộng &amp; cổng giao tiếp</li>\r\n  <li>\r\n    <label data-id=\"82\">Cổng giao tiếp :</label>\r\n    <a target=\"_blank\" href=\"https://fptshop.com.vn/tin-tuc/danh-gia/diem-mat-6-cong-ket-noi-pho-bien-tren-laptop-56466\" title=\"1 x Microphone-in/Headphone-out jack, 1 x USB 3.0 port(s), 1 x USB 2.0 port(s), 1 x micro HDMI, 1 x AC adapter plug, 1 x micro SD card\">1 x Microphone-in/Headphone-out jack, 1 x USB 3.0 port(s), 1 x USB 2.0 port(s), 1 x micro HDMI, 1 x AC adapter plug, 1 x micro SD card</a></li>\r\n  <li>\r\n    <label data-id=\"1335\">Tính năng mở rộng :</label>\r\n    Không</li>\r\n  <li>Giao tiếp mạng</li>\r\n  <li>\r\n    <label data-id=\"779\">LAN :</label>\r\n    Không</li>\r\n  <li>\r\n    <label data-id=\"780\">Chuẩn Wi-Fi :</label>\r\n    <a target=\"_blank\" href=\"https://fptshop.com.vn/tin-tuc/danh-gia/cac-chuan-cong-nghe-ket-noi-wifi-tren-laptop-56451\" title=\"	802.11b/g/n\">802.11b/g/n</a></li>\r\n  <li>Card Reader</li>\r\n  <li>\r\n    <label data-id=\"1336\">Đọc thẻ nhớ :</label>\r\n    <a target=\"_blank\" href=\"https://fptshop.com.vn/tin-tuc/danh-gia/cac-loai-the-nho-sd-thong-dung-56351\" title=\"Có\">Có</a></li>\r\n  <li>\r\n    <label data-id=\"1337\">Khe đọc thẻ nhớ :</label>\r\n    micro SD</li>\r\n  <li>Webcam</li>\r\n  <li>\r\n    <label data-id=\"1338\">Độ phân giải :</label>\r\n    0.3 MP</li>\r\n  <li>\r\n    <label data-id=\"1339\">Thông tin thêm :</label>\r\n    <a target=\"_blank\" href=\"https://fptshop.com.vn/tin-tuc/danh-gia/webcam-tren-laptop-va-nhung-cong-dung-tuyet-voi-56368\" title=\"VGA Webcam\">VGA Webcam</a></li>\r\n  <li>Hệ điều hành, phầm mềm có sẵn</li>\r\n  <li>\r\n    <label data-id=\"96\">Hệ điều hành :</label>\r\n    <a target=\"_blank\" href=\"https://fptshop.com.vn/tin-tuc/tin-moi/tong-hop-cac-he-dieu-hanh-thong-dung-tren-laptop-56318\" title=\"Windows 10\">Windows 10</a></li>\r\n  <li>\r\n    <label data-id=\"1340\">Phần mềm có sẵn :</label>\r\n    Office 365</li>\r\n  <li>PIN/Battery</li>\r\n  <li>\r\n    <label data-id=\"88\">Loại pin :</label>\r\n    2 cell</li>\r\n  <li>\r\n    <label data-id=\"1260\">Kiểu pin :</label>\r\n    <a target=\"_blank\" href=\"https://fptshop.com.vn/tin-tuc/danh-gia/tim-hieu-cac-cong-nghe-pin-tren-laptop-pho-bien-hien-nay-56406\" title=\"Liền\">Liền</a></li>\r\n  <li>Thông tin khác</li>\r\n  <li>\r\n    <label data-id=\"1263\">Cảm biến vân tay :</label>\r\n    Không</li>\r\n  <li>\r\n    <label data-id=\"1264\">Đèn bàn phím :</label>\r\n    Không</li>\r\n  <li>\r\n    <label data-id=\"1265\">Bàn phím số :</label>\r\n    Không</li>\r\n  <li>\r\n    <label data-id=\"1266\">Phụ kiện kèm theo :</label>\r\n    Sạc, HDSD</li>\r\n  <li>Kích thước &amp; trọng lượng</li>\r\n  <li>\r\n    <label data-id=\"1341\">Kích Thước :</label>\r\n    286 x 193 x 17.5 mm</li>\r\n  <li>\r\n    <label data-id=\"93\">Trọng lượng :</label>\r\n    0.98 Kg</li>\r\n  <li>\r\n    <label data-id=\"1261\">Chất liệu :</label>\r\n    Nhựa</li>\r\n  <li>Bảo hành</li>\r\n  <li>\r\n    <label data-id=\"94\">Thời gian bảo hành :</label>\r\n    24 Tháng</li>\r\n</ul>\r\n<br>\r\n', 'Asus E200HA-FD0081TS', '', 1, '2.jpg'),
(1, 3, 5790000, '<ul>\r\n  <li>Thông số cơ bản</li>\r\n  <li>\r\n    <label>CPU :</label>\r\n    <a target=\"_blank\" href=\"https://fptshop.com.vn/tin-tuc/danh-gia/tim-hieu-cac-dong-cpu-intel-tren-laptop56395\">Intel, Celeron</a></li>\r\n  <li>\r\n    <label>RAM :</label>\r\n    <a target=\"_blank\" href=\"https://fptshop.com.vn/tin-tuc/danh-gia/ram-la-gi-56446\">4 GB, DDR3L</a></li>\r\n  <li>\r\n    <label>Ổ cứng :</label>\r\n    <a target=\"_blank\" href=\"https://fptshop.com.vn/tin-tuc/danh-gia/o-cung-la-gi-va-cac-loai-o-cung-thong-dung-hien-nay-56458\">HDD, 500 GB</a></li>\r\n  <li>\r\n    <label>Màn hình :</label>\r\n    <a target=\"_blank\" href=\"https://fptshop.com.vn/tin-tuc/danh-gia/moi-thu-ban-can-biet-khi-chon-man-hinh-laptop-56415\">14 inch, 1366 x 768 pixels</a></li>\r\n  <li>\r\n    <label>Card màn hình :</label>\r\n    <a target=\"_blank\" href=\"http://fptshop.com.vn/tin-tuc/danh-gia/tim-hieu-ve-chip-do-hoa-tich-hop-intel-hd-graphics-56495\">Intel HD Graphics, Tích hợp</a></li>\r\n  <li>\r\n    <label>Cổng kết nối :</label>\r\n    LAN : 10/100Mbps WIFI : 802.11b/g</li>\r\n  <li>\r\n    <label>Hệ điều hành :</label>\r\n    <a target=\"_blank\" href=\"https://fptshop.com.vn/tin-tuc/tin-moi/tong-hop-cac-he-dieu-hanh-thong-dung-tren-laptop-56318\">Free DOS</a></li>\r\n  <li>\r\n    <label>Trọng lượng :</label>\r\n    1.65 Kg</li>\r\n  <li>\r\n    <label>Kích thước :</label>\r\n    339 x 235 x 21.9 mm</li>\r\n  <li>Bo mạch</li>\r\n  <li>\r\n    <label data-id=\"60\">Hỗ trợ RAM tối đa :</label>\r\n    Không</li>\r\n  <li>RAM</li>\r\n  <li>\r\n    <label data-id=\"61\">Dung lượng RAM :</label>\r\n    4 GB</li>\r\n  <li>\r\n    <label data-id=\"62\">Loại RAM :</label>\r\n    <a target=\"_blank\" href=\"http://fptshop.com.vn/tin-tuc/danh-gia/ram-la-gi-56446\" title=\"	DDR3L\">DDR3L</a></li>\r\n  <li>\r\n    <label data-id=\"63\">Tốc độ BUS RAM :</label>\r\n    1866 MHz</li>\r\n  <li>\r\n    <label data-id=\"1258\">Số lượng khe RAM :</label>\r\n    0 (onboard RAM)</li>\r\n  <li>Đĩa cứng</li>\r\n  <li>\r\n    <label data-id=\"64\">Loại ổ đĩa :</label>\r\n    <a target=\"_blank\" href=\"https://fptshop.com.vn/tin-tuc/danh-gia/o-cung-la-gi-va-cac-loai-o-cung-thong-dung-hien-nay-56458\" title=\"HDD\">HDD</a></li>\r\n  <li>\r\n    <label data-id=\"65\">Dung lượng ổ đĩa :</label>\r\n    500 GB</li>\r\n  <li>\r\n    <label data-id=\"1259\">Khe cắm ổ SSD :</label>\r\n    Không</li>\r\n  <li>Đồ họa</li>\r\n  <li>\r\n    <label data-id=\"73\">Chipset đồ họa :</label>\r\n    <a target=\"_blank\" href=\"https://fptshop.com.vn/tin-tuc/danh-gia/tim-hieu-ve-chip-do-hoa-tich-hop-intel-hd-graphics-56495\" title=\"Intel HD Graphics\">Intel HD Graphics</a></li>\r\n  <li>\r\n    <label data-id=\"74\">Bộ nhớ đồ họa :</label>\r\n    Share</li>\r\n  <li>\r\n    <label data-id=\"75\">Kiểu thiết kế đồ họa :</label>\r\n    Tích hợp</li>\r\n  <li>Màn hình</li>\r\n  <li>\r\n    <label data-id=\"773\">Kích thước màn hình :</label>\r\n    <a target=\"_blank\" href=\"https://fptshop.com.vn/tin-tuc/danh-gia/moi-thu-ban-can-biet-khi-chon-man-hinh-laptop-56415\" title=\"	14 inch\">14 inch</a></li>\r\n  <li>\r\n    <label data-id=\"774\">Độ phân giải (W x H) :</label>\r\n    1366 x 768 pixels</li>\r\n  <li>\r\n    <label data-id=\"775\">Công nghệ màn hình :</label>\r\n    <a target=\"_blank\" href=\"https://fptshop.com.vn/tin-tuc/danh-gia/ban-co-biet-6-cong-nghe-man-hinh-laptop-pho-bien-hien-nay-56467\" title=\"HD LED\">HD LED</a></li>\r\n  <li>\r\n    <label data-id=\"776\">Cảm ứng :</label>\r\n    Không</li>\r\n  <li>Âm thanh</li>\r\n  <li>\r\n    <label data-id=\"76\">Kênh âm thanh :</label>\r\n    2.0</li>\r\n  <li>\r\n    <label data-id=\"77\">Thông tin thêm :</label>\r\n    <a target=\"_blank\" href=\"https://fptshop.com.vn/tin-tuc/danh-gia/cac-cong-nghe-am-thanh-noi-bat-tren-laptop-56422\" title=\"Sonic Master\">Sonic Master</a></li>\r\n  <li>Đĩa quang</li>\r\n  <li>\r\n    <label data-id=\"78\">Có sẵn đĩa quang :</label>\r\n    <a target=\"_blank\" href=\"https://fptshop.com.vn/tin-tuc/thu-thuat/chuc-nang-cua-o-dia-quang-tren-laptop-56421\" title=\"Không\">Không</a></li>\r\n  <li>Tính năng mở rộng &amp; cổng giao tiếp</li>\r\n  <li>\r\n    <label data-id=\"82\">Cổng giao tiếp :</label>\r\n    <a target=\"_blank\" href=\"https://fptshop.com.vn/tin-tuc/danh-gia/diem-mat-6-cong-ket-noi-pho-bien-tren-laptop-56466\" title=\"	HDMI, LAN (RJ45), USB 2.0, USB 3.0, VGA (D-Sub)\">HDMI, LAN (RJ45), USB 2.0, USB 3.0, VGA (D-Sub)</a></li>\r\n  <li>\r\n    <label data-id=\"1335\">Tính năng mở rộng :</label>\r\n    Multi TouchPad</li>\r\n  <li>Giao tiếp mạng</li>\r\n  <li>\r\n    <label data-id=\"779\">LAN :</label>\r\n    10/100Mbps</li>\r\n  <li>\r\n    <label data-id=\"780\">Chuẩn Wi-Fi :</label>\r\n    <a target=\"_blank\" href=\"https://fptshop.com.vn/tin-tuc/danh-gia/cac-chuan-cong-nghe-ket-noi-wifi-tren-laptop-56451\" title=\"	802.11b/g/n\">802.11b/g/n</a></li>\r\n  <li>Card Reader</li>\r\n  <li>\r\n    <label data-id=\"1336\">Đọc thẻ nhớ :</label>\r\n    <a target=\"_blank\" href=\"https://fptshop.com.vn/tin-tuc/danh-gia/cac-loai-the-nho-sd-thong-dung-56351\" title=\"Có\">Có</a></li>\r\n  <li>\r\n    <label data-id=\"1337\">Khe đọc thẻ nhớ :</label>\r\n    SD</li>\r\n  <li>Webcam</li>\r\n  <li>\r\n    <label data-id=\"1338\">Độ phân giải :</label>\r\n    0.3 MP</li>\r\n  <li>\r\n    <label data-id=\"1339\">Thông tin thêm :</label>\r\n    <a target=\"_blank\" href=\"https://fptshop.com.vn/tin-tuc/danh-gia/webcam-tren-laptop-va-nhung-cong-dung-tuyet-voi-56368\" title=\"VGA Webcam\">VGA Webcam</a></li>\r\n  <li>Hệ điều hành, phầm mềm có sẵn</li>\r\n  <li>\r\n    <label data-id=\"96\">Hệ điều hành :</label>\r\n    <a target=\"_blank\" href=\"https://fptshop.com.vn/tin-tuc/tin-moi/tong-hop-cac-he-dieu-hanh-thong-dung-tren-laptop-56318\" title=\"	 Free DOS\">Free DOS</a></li>\r\n  <li>\r\n    <label data-id=\"1340\">Phần mềm có sẵn :</label>\r\n    Không</li>\r\n  <li>PIN/Battery</li>\r\n  <li>\r\n    <label data-id=\"88\">Loại pin :</label>\r\n    2 cell</li>\r\n  <li>\r\n    <label data-id=\"1260\">Kiểu pin :</label>\r\n    <a target=\"_blank\" href=\"https://fptshop.com.vn/tin-tuc/danh-gia/tim-hieu-cac-cong-nghe-pin-tren-laptop-pho-bien-hien-nay-56406\" title=\"Liền\">Liền</a></li>\r\n  <li>Thông tin khác</li>\r\n  <li>\r\n    <label data-id=\"1263\">Cảm biến vân tay :</label>\r\n    Không</li>\r\n  <li>\r\n    <label data-id=\"1264\">Đèn bàn phím :</label>\r\n    Không</li>\r\n  <li>\r\n    <label data-id=\"1265\">Bàn phím số :</label>\r\n    Không</li>\r\n  <li>\r\n    <label data-id=\"1266\">Phụ kiện kèm theo :</label>\r\n    Sạc, Sách HDSD</li>\r\n  <li>Kích thước &amp; trọng lượng</li>\r\n  <li>\r\n    <label data-id=\"1341\">Kích Thước :</label>\r\n    339 x 235 x 21.9 mm</li>\r\n  <li>\r\n    <label data-id=\"93\">Trọng lượng :</label>\r\n    1.65 Kg</li>\r\n  <li>\r\n    <label data-id=\"1261\">Chất liệu :</label>\r\n    Nhựa</li>\r\n  <li>Bảo hành</li>\r\n  <li>\r\n    <label data-id=\"94\">Thời gian bảo hành :</label>\r\n    24 Tháng</li>\r\n</ul>\r\n<br>\r\n', 'Asus E402NA-GA034', '', 1, 'a.JPG'),
(1, 4, 5990000, '<ul>\r\n  <li>Thông số cơ bản</li>\r\n  <li>\r\n    <label>CPU :</label>\r\n    <a target=\"_blank\" href=\"https://fptshop.com.vn/tin-tuc/danh-gia/tim-hieu-cac-dong-cpu-intel-tren-laptop56395\">Intel, Celeron</a></li>\r\n  <li>\r\n    <label>RAM :</label>\r\n    <a target=\"_blank\" href=\"https://fptshop.com.vn/tin-tuc/danh-gia/ram-la-gi-56446\">4 GB, DDR3L</a></li>\r\n  <li>\r\n    <label>Ổ cứng :</label>\r\n    <a target=\"_blank\" href=\"https://fptshop.com.vn/tin-tuc/danh-gia/o-cung-la-gi-va-cac-loai-o-cung-thong-dung-hien-nay-56458\">HDD, 500 GB</a></li>\r\n  <li>\r\n    <label>Màn hình :</label>\r\n    <a target=\"_blank\" href=\"https://fptshop.com.vn/tin-tuc/danh-gia/moi-thu-ban-can-biet-khi-chon-man-hinh-laptop-56415\">15.6 inch , 1366 x 768 pixels</a></li>\r\n  <li>\r\n    <label>Card màn hình :</label>\r\n    <a target=\"_blank\" href=\"http://fptshop.com.vn/tin-tuc/danh-gia/tim-hieu-ve-chip-do-hoa-tich-hop-intel-hd-graphics-56495\">Intel HD Graphics, Tích hợp</a></li>\r\n  <li>\r\n    <label>Cổng kết nối :</label>\r\n    LAN : 10/100Mbps WIFI : IEEE 802.11b/g</li>\r\n  <li>\r\n    <label>Hệ điều hành :</label>\r\n    <a target=\"_blank\" href=\"https://fptshop.com.vn/tin-tuc/tin-moi/tong-hop-cac-he-dieu-hanh-thong-dung-tren-laptop-56318\">ENDLESS</a></li>\r\n  <li>\r\n    <label>Trọng lượng :</label>\r\n    1.86 Kg</li>\r\n  <li>\r\n    <label>Kích thước :</label>\r\n    383 x 258 x 22.1 mm</li>\r\n  <li>Bộ xử lý</li>\r\n  <li>\r\n    <label data-id=\"49\">Hãng CPU :</label>\r\n    <a target=\"_blank\" href=\"https://fptshop.com.vn/tin-tuc/danh-gia/tim-hieu-cac-dong-cpu-intel-tren-laptop56395\" title=\"	 Intel\">Intel</a></li>\r\n  <li>\r\n    <label data-id=\"50\">Công nghệ CPU :</label>\r\n    <a target=\"_blank\" href=\"https://fptshop.com.vn/tin-tuc/danh-gia/tim-hieu-cac-dong-cpu-intel-tren-laptop56395\" title=\"Celeron\">Celeron</a></li>\r\n  <li>\r\n    <label data-id=\"51\">Loại CPU :</label>\r\n    N3350</li>\r\n  <li>\r\n    <label data-id=\"52\">Tốc độ CPU :</label>\r\n    1.10 GHz</li>\r\n  <li>\r\n    <label data-id=\"53\">Bộ nhớ đệm :</label>\r\n    2 MB Cache</li>\r\n  <li>\r\n    <label data-id=\"517\">Tốc độ tối đa :</label>\r\n    2.40 GHz</li>\r\n  <li>RAM</li>\r\n  <li>\r\n    <label data-id=\"61\">Dung lượng RAM :</label>\r\n    4 GB</li>\r\n  <li>\r\n    <label data-id=\"62\">Loại RAM :</label>\r\n    <a target=\"_blank\" href=\"http://fptshop.com.vn/tin-tuc/danh-gia/ram-la-gi-56446\" title=\"	DDR3L\">DDR3L</a></li>\r\n  <li>\r\n    <label data-id=\"63\">Tốc độ BUS RAM :</label>\r\n    1333 MHz</li>\r\n  <li>Đĩa cứng</li>\r\n  <li>\r\n    <label data-id=\"64\">Loại ổ đĩa :</label>\r\n    <a target=\"_blank\" href=\"https://fptshop.com.vn/tin-tuc/danh-gia/o-cung-la-gi-va-cac-loai-o-cung-thong-dung-hien-nay-56458\" title=\"HDD\">HDD</a></li>\r\n  <li>\r\n    <label data-id=\"65\">Dung lượng ổ đĩa :</label>\r\n    500 GB</li>\r\n  <li>Đồ họa</li>\r\n  <li>\r\n    <label data-id=\"73\">Chipset đồ họa :</label>\r\n    <a target=\"_blank\" href=\"https://fptshop.com.vn/tin-tuc/danh-gia/tim-hieu-ve-chip-do-hoa-tich-hop-intel-hd-graphics-56495\" title=\"Intel HD Graphics\">Intel HD Graphics</a></li>\r\n  <li>\r\n    <label data-id=\"74\">Bộ nhớ đồ họa :</label>\r\n    Share</li>\r\n  <li>\r\n    <label data-id=\"75\">Kiểu thiết kế đồ họa :</label>\r\n    Tích hợp</li>\r\n  <li>Màn hình</li>\r\n  <li>\r\n    <label data-id=\"773\">Kích thước màn hình :</label>\r\n    <a target=\"_blank\" href=\"https://fptshop.com.vn/tin-tuc/danh-gia/moi-thu-ban-can-biet-khi-chon-man-hinh-laptop-56415\" title=\"	15.6 inch \">15.6 inch</a></li>\r\n  <li>\r\n    <label data-id=\"774\">Độ phân giải (W x H) :</label>\r\n    1366 x 768 pixels</li>\r\n  <li>\r\n    <label data-id=\"775\">Công nghệ màn hình :</label>\r\n    <a target=\"_blank\" href=\"https://fptshop.com.vn/tin-tuc/danh-gia/ban-co-biet-6-cong-nghe-man-hinh-laptop-pho-bien-hien-nay-56467\" title=\"LED Back-lit\">LED Back-lit</a></li>\r\n  <li>\r\n    <label data-id=\"776\">Cảm ứng :</label>\r\n    Không</li>\r\n  <li>Âm thanh</li>\r\n  <li>\r\n    <label data-id=\"76\">Kênh âm thanh :</label>\r\n    2.0</li>\r\n  <li>\r\n    <label data-id=\"77\">Thông tin thêm :</label>\r\n    <a target=\"_blank\" href=\"https://fptshop.com.vn/tin-tuc/danh-gia/cac-cong-nghe-am-thanh-noi-bat-tren-laptop-56422\" title=\"Sonic Master\">Sonic Master</a></li>\r\n  <li>Đĩa quang</li>\r\n  <li>\r\n    <label data-id=\"78\">Có sẵn đĩa quang :</label>\r\n    <a target=\"_blank\" href=\"https://fptshop.com.vn/tin-tuc/thu-thuat/chuc-nang-cua-o-dia-quang-tren-laptop-56421\" title=\"Không\">Không</a></li>\r\n  <li>Tính năng mở rộng &amp; cổng giao tiếp</li>\r\n  <li>\r\n    <label data-id=\"82\">Cổng giao tiếp :</label>\r\n    <a target=\"_blank\" href=\"https://fptshop.com.vn/tin-tuc/danh-gia/diem-mat-6-cong-ket-noi-pho-bien-tren-laptop-56466\" title=\"1x Headphone-out & Audio-in Combo Jack; 1x RJ45 LAN Jack for LAN insert; 1x HDMI; 1x USB3.1-Type C(Gen1)\">1x Headphone-out &amp; Audio-in Combo Jack; 1x RJ45 LAN Jack for LAN insert; 1x HDMI; 1x USB3.1-Type C(Gen1)</a></li>\r\n  <li>\r\n    <label data-id=\"1335\">Tính năng mở rộng :</label>\r\n    Multi TouchPad</li>\r\n  <li>Giao tiếp mạng</li>\r\n  <li>\r\n    <label data-id=\"779\">LAN :</label>\r\n    10/100Mbps</li>\r\n  <li>\r\n    <label data-id=\"780\">Chuẩn Wi-Fi :</label>\r\n    <a target=\"_blank\" href=\"https://fptshop.com.vn/tin-tuc/danh-gia/cac-chuan-cong-nghe-ket-noi-wifi-tren-laptop-56451\" title=\"	 IEEE 802.11b/g/n\">IEEE 802.11b/g/n</a></li>\r\n  <li>\r\n    <label data-id=\"1346\">Kết nối không dây khác :</label>\r\n    Bluetooth v4.0</li>\r\n  <li>Webcam</li>\r\n  <li>\r\n    <label data-id=\"1338\">Độ phân giải :</label>\r\n    0.3 MP</li>\r\n  <li>\r\n    <label data-id=\"1339\">Thông tin thêm :</label>\r\n    <a target=\"_blank\" href=\"https://fptshop.com.vn/tin-tuc/danh-gia/webcam-tren-laptop-va-nhung-cong-dung-tuyet-voi-56368\" title=\"VGA Webcam\">VGA Webcam</a></li>\r\n  <li>Hệ điều hành, phầm mềm có sẵn</li>\r\n  <li>\r\n    <label data-id=\"96\">Hệ điều hành :</label>\r\n    <a target=\"_blank\" href=\"https://fptshop.com.vn/tin-tuc/tin-moi/tong-hop-cac-he-dieu-hanh-thong-dung-tren-laptop-56318\" title=\"ENDLESS\">ENDLESS</a></li>\r\n  <li>\r\n    <label data-id=\"1340\">Phần mềm có sẵn :</label>\r\n    ASUS Screen Saver; ASUS Smart Gesture; ASUS Splendid</li>\r\n  <li>PIN/Battery</li>\r\n  <li>\r\n    <label data-id=\"88\">Loại pin :</label>\r\n    2 cell</li>\r\n  <li>\r\n    <label data-id=\"1260\">Kiểu pin :</label>\r\n    <a target=\"_blank\" href=\"https://fptshop.com.vn/tin-tuc/danh-gia/tim-hieu-cac-cong-nghe-pin-tren-laptop-pho-bien-hien-nay-56406\" title=\"Liền\">Liền</a></li>\r\n  <li>Thông tin khác</li>\r\n  <li>\r\n    <label data-id=\"1263\">Cảm biến vân tay :</label>\r\n    Không</li>\r\n  <li>\r\n    <label data-id=\"1264\">Đèn bàn phím :</label>\r\n    Không</li>\r\n  <li>\r\n    <label data-id=\"1265\">Bàn phím số :</label>\r\n    Có</li>\r\n  <li>\r\n    <label data-id=\"1266\">Phụ kiện kèm theo :</label>\r\n    Sạc, HDSD</li>\r\n  <li>Kích thước &amp; trọng lượng</li>\r\n  <li>\r\n    <label data-id=\"1341\">Kích Thước :</label>\r\n    383 x 258 x 22.1 mm</li>\r\n  <li>\r\n    <label data-id=\"93\">Trọng lượng :</label>\r\n    1.86 Kg</li>\r\n  <li>\r\n    <label data-id=\"1261\">Chất liệu :</label>\r\n    Nhựa</li>\r\n  <li>Bảo hành</li>\r\n  <li>\r\n    <label data-id=\"94\">Thời gian bảo hành :</label>\r\n    24 Tháng</li>\r\n</ul>\r\n<br>\r\n', 'Asus E502NA-GO021', '', 1, 'b.png'),
(1, 5, 9490000, '<ul>\r\n  <li>Thông số cơ bản</li>\r\n  <li>\r\n    <label>CPU :</label>\r\n    <a target=\"_blank\" href=\"https://fptshop.com.vn/tin-tuc/danh-gia/tim-hieu-cac-dong-cpu-intel-tren-laptop56395\">Intel, Core i3</a></li>\r\n  <li>\r\n    <label>RAM :</label>\r\n    <a target=\"_blank\" href=\"https://fptshop.com.vn/tin-tuc/danh-gia/ram-la-gi-56446\">4 GB, DDR3L</a></li>\r\n  <li>\r\n    <label>Ổ cứng :</label>\r\n    <a target=\"_blank\" href=\"https://fptshop.com.vn/tin-tuc/danh-gia/o-cung-la-gi-va-cac-loai-o-cung-thong-dung-hien-nay-56458\">HDD, 500 GB</a></li>\r\n  <li>\r\n    <label>Màn hình :</label>\r\n    <a target=\"_blank\" href=\"https://fptshop.com.vn/tin-tuc/danh-gia/moi-thu-ban-can-biet-khi-chon-man-hinh-laptop-56415\">15.6 inch , 1366 x 768 pixels</a></li>\r\n  <li>\r\n    <label>Card màn hình :</label>\r\n    <a target=\"_blank\" href=\"https://fptshop.com.vn/tin-tuc/danh-gia/vga-la-gi-phan-loai-va-cac-kiem-tra-vga-tren-laptop-56463\">NVIDIA GeForce 920M , Card rời</a></li>\r\n  <li>\r\n    <label>Cổng kết nối :</label>\r\n    LAN : 10/100Mbps WIFI : IEEE 802.11b/g</li>\r\n  <li>\r\n    <label>Hệ điều hành :</label>\r\n    <a target=\"_blank\" href=\"https://fptshop.com.vn/tin-tuc/tin-moi/tong-hop-cac-he-dieu-hanh-thong-dung-tren-laptop-56318\">Free DOS</a></li>\r\n  <li>\r\n    <label>Trọng lượng :</label>\r\n    1.9 Kg</li>\r\n  <li>\r\n    <label>Kích thước :</label>\r\n    381.4 x 251.5 x 27.2 mm</li>\r\n  <li>Bo mạch</li>\r\n  <li>\r\n    <label data-id=\"60\">Hỗ trợ RAM tối đa :</label>\r\n    8 GB</li>\r\n  <li>RAM</li>\r\n  <li>\r\n    <label data-id=\"61\">Dung lượng RAM :</label>\r\n    4 GB</li>\r\n  <li>\r\n    <label data-id=\"62\">Loại RAM :</label>\r\n    <a target=\"_blank\" href=\"http://fptshop.com.vn/tin-tuc/danh-gia/ram-la-gi-56446\" title=\"	DDR3L\">DDR3L</a></li>\r\n  <li>\r\n    <label data-id=\"63\">Tốc độ BUS RAM :</label>\r\n    1600 Mhz</li>\r\n  <li>\r\n    <label data-id=\"1258\">Số lượng khe RAM :</label>\r\n    1 slot + onboard RAM</li>\r\n  <li>Đĩa cứng</li>\r\n  <li>\r\n    <label data-id=\"64\">Loại ổ đĩa :</label>\r\n    <a target=\"_blank\" href=\"https://fptshop.com.vn/tin-tuc/danh-gia/o-cung-la-gi-va-cac-loai-o-cung-thong-dung-hien-nay-56458\" title=\"HDD\">HDD</a></li>\r\n  <li>\r\n    <label data-id=\"65\">Dung lượng ổ đĩa :</label>\r\n    500 GB</li>\r\n  <li>\r\n    <label data-id=\"1259\">Khe cắm ổ SSD :</label>\r\n    Không</li>\r\n  <li>Đồ họa</li>\r\n  <li>\r\n    <label data-id=\"73\">Chipset đồ họa :</label>\r\n    <a target=\"_blank\" href=\"https://fptshop.com.vn/tin-tuc/danh-gia/vga-la-gi-phan-loai-va-cac-kiem-tra-vga-tren-laptop-56463\" title=\"NVIDIA GeForce 920M \">NVIDIA GeForce 920M</a></li>\r\n  <li>\r\n    <label data-id=\"74\">Bộ nhớ đồ họa :</label>\r\n    2 GB</li>\r\n  <li>\r\n    <label data-id=\"75\">Kiểu thiết kế đồ họa :</label>\r\n    Card rời</li>\r\n  <li>Màn hình</li>\r\n  <li>\r\n    <label data-id=\"773\">Kích thước màn hình :</label>\r\n    <a target=\"_blank\" href=\"https://fptshop.com.vn/tin-tuc/danh-gia/moi-thu-ban-can-biet-khi-chon-man-hinh-laptop-56415\" title=\"	15.6 inch \">15.6 inch</a></li>\r\n  <li>\r\n    <label data-id=\"774\">Độ phân giải (W x H) :</label>\r\n    1366 x 768 pixels</li>\r\n  <li>\r\n    <label data-id=\"775\">Công nghệ màn hình :</label>\r\n    <a target=\"_blank\" href=\"https://fptshop.com.vn/tin-tuc/danh-gia/ban-co-biet-6-cong-nghe-man-hinh-laptop-pho-bien-hien-nay-56467\" title=\"HD LED\">HD LED</a></li>\r\n  <li>\r\n    <label data-id=\"776\">Cảm ứng :</label>\r\n    Không</li>\r\n  <li>Âm thanh</li>\r\n  <li>\r\n    <label data-id=\"76\">Kênh âm thanh :</label>\r\n    2.0</li>\r\n  <li>\r\n    <label data-id=\"77\">Thông tin thêm :</label>\r\n    <a target=\"_blank\" href=\"https://fptshop.com.vn/tin-tuc/danh-gia/cac-cong-nghe-am-thanh-noi-bat-tren-laptop-56422\" title=\"SonicMaster\">SonicMaster</a></li>\r\n  <li>Đĩa quang</li>\r\n  <li>\r\n    <label data-id=\"78\">Có sẵn đĩa quang :</label>\r\n    <a target=\"_blank\" href=\"https://fptshop.com.vn/tin-tuc/thu-thuat/chuc-nang-cua-o-dia-quang-tren-laptop-56421\" title=\"	 DVD RW\">DVD RW</a></li>\r\n  <li>Tính năng mở rộng &amp; cổng giao tiếp</li>\r\n  <li>\r\n    <label data-id=\"82\">Cổng giao tiếp :</label>\r\n    <a target=\"_blank\" href=\"https://fptshop.com.vn/tin-tuc/danh-gia/diem-mat-6-cong-ket-noi-pho-bien-tren-laptop-56466\" title=\"1 x USB 2.0 ; 1 x USB 3.0 ; 1 x USB 3.1 ; 1 x VGA ; 1 x HDMI 1.4 ; 1 x COMBO audio jack\">1 x USB 2.0 ; 1 x USB 3.0 ; 1 x USB 3.1 ; 1 x VGA ; 1 x HDMI 1.4 ; 1 x COMBO audio jack</a></li>\r\n  <li>\r\n    <label data-id=\"1335\">Tính năng mở rộng :</label>\r\n    Không</li>\r\n  <li>Giao tiếp mạng</li>\r\n  <li>\r\n    <label data-id=\"779\">LAN :</label>\r\n    10/100Mbps</li>\r\n  <li>\r\n    <label data-id=\"780\">Chuẩn Wi-Fi :</label>\r\n    <a target=\"_blank\" href=\"https://fptshop.com.vn/tin-tuc/danh-gia/cac-chuan-cong-nghe-ket-noi-wifi-tren-laptop-56451\" title=\"	 IEEE 802.11b/g/n\">IEEE 802.11b/g/n</a></li>\r\n  <li>Card Reader</li>\r\n  <li>\r\n    <label data-id=\"1336\">Đọc thẻ nhớ :</label>\r\n    <a target=\"_blank\" href=\"https://fptshop.com.vn/tin-tuc/danh-gia/cac-loai-the-nho-sd-thong-dung-56351\" title=\"3 -in-1\">3 -in-1</a></li>\r\n  <li>\r\n    <label data-id=\"1337\">Khe đọc thẻ nhớ :</label>\r\n    SD/ SDHC/ SDXC</li>\r\n  <li>Webcam</li>\r\n  <li>\r\n    <label data-id=\"1338\">Độ phân giải :</label>\r\n    0.3 MP</li>\r\n  <li>\r\n    <label data-id=\"1339\">Thông tin thêm :</label>\r\n    <a target=\"_blank\" href=\"https://fptshop.com.vn/tin-tuc/danh-gia/webcam-tren-laptop-va-nhung-cong-dung-tuyet-voi-56368\" title=\"VGA Webcam\">VGA Webcam</a></li>\r\n  <li>Hệ điều hành, phầm mềm có sẵn</li>\r\n  <li>\r\n    <label data-id=\"96\">Hệ điều hành :</label>\r\n    <a target=\"_blank\" href=\"https://fptshop.com.vn/tin-tuc/tin-moi/tong-hop-cac-he-dieu-hanh-thong-dung-tren-laptop-56318\" title=\"	 Free DOS\">Free DOS</a></li>\r\n  <li>\r\n    <label data-id=\"1340\">Phần mềm có sẵn :</label>\r\n    Không</li>\r\n  <li>PIN/Battery</li>\r\n  <li>\r\n    <label data-id=\"88\">Loại pin :</label>\r\n    3 Cell</li>\r\n  <li>\r\n    <label data-id=\"1260\">Kiểu pin :</label>\r\n    <a target=\"_blank\" href=\"https://fptshop.com.vn/tin-tuc/danh-gia/tim-hieu-cac-cong-nghe-pin-tren-laptop-pho-bien-hien-nay-56406\" title=\"Liền\">Liền</a></li>\r\n  <li>Thông tin khác</li>\r\n  <li>\r\n    <label data-id=\"1263\">Cảm biến vân tay :</label>\r\n    Không</li>\r\n  <li>\r\n    <label data-id=\"1264\">Đèn bàn phím :</label>\r\n    Không</li>\r\n  <li>\r\n    <label data-id=\"1265\">Bàn phím số :</label>\r\n    Có</li>\r\n  <li>\r\n    <label data-id=\"1266\">Phụ kiện kèm theo :</label>\r\n    Sạc, Sách HDSD, Đĩa Driver</li>\r\n  <li>Kích thước &amp; trọng lượng</li>\r\n  <li>\r\n    <label data-id=\"1341\">Kích Thước :</label>\r\n    381.4 x 251.5 x 27.2 mm</li>\r\n  <li>\r\n    <label data-id=\"93\">Trọng lượng :</label>\r\n    1.9 Kg</li>\r\n  <li>\r\n    <label data-id=\"1261\">Chất liệu :</label>\r\n    Nhựa</li>\r\n  <li>Bảo hành</li>\r\n  <li>\r\n    <label data-id=\"94\">Thời gian bảo hành :</label>\r\n    24 Tháng</li>\r\n</ul>\r\n<br>\r\n', 'Asus X540LJ-XX315D', '', 1, 'c.jpg'),
(1, 8, 14490000, '<h2>Thông số kỹ thuật</h2>\r\n<ul>\r\n  <li>CPU:\r\n    <div><a href=\"https://www.thegioididong.com/hoi-dap/bo-xu-ly-intel-core-i3-i5-i7-the-he-thu-7-952583\" target=\"_blank\">Intel Core i5 Kabylake</a>, 7200U, 2.50 GHz</div>\r\n  </li>\r\n  <li>RAM:\r\n    <div>4 GB, <a href=\"https://www.thegioididong.com/hoi-dap/ram-ddr4-la-gi-882173\" target=\"_blank\">DDR4 (On board +1 khe)</a>, 2133 MHz</div>\r\n  </li>\r\n  <li>Ổ cứng:\r\n    <div><a href=\"https://www.thegioididong.com/hoi-dap/hdd-la-gi-922791\" target=\"_blank\">HDD: 500 GB</a></div>\r\n  </li>\r\n  <li>Màn hình:\r\n    <div>15.6 inch, HD (1366 x 768)</div>\r\n  </li>\r\n  <li>Card màn hình:\r\n    <div><a href=\"https://www.thegioididong.com/tin-tuc/card-do-hoa-roi-tren-laptop-594941\" target=\"_blank\">Card đồ họa rời</a>, AMD Radeon R5 M420, 2 GB</div>\r\n  </li>\r\n  <li>Cổng kết nối:\r\n    <div><a href=\"https://www.thegioididong.com/tin-tuc/hdmi-la-gi--590061\" target=\"_blank\">HDMI</a>, <a href=\"https://www.thegioididong.com/hoi-dap/cho-minh-hoi-thong-so-laptop-co-nhung-cai-nay-10-743872\" target=\"_blank\">LAN (RJ45)</a>, <a href=\"https://www.thegioididong.com/tin-tuc/cong-giao-tiep-usb-la-gi--590168\" target=\"_blank\">USB 2.0</a>, <a href=\"https://www.thegioididong.com/hoi-dap/usb-30-la-gi-926737\" target=\"_blank\">USB 3.0</a>, <a href=\"https://www.thegioididong.com/hoi-dap/usb-type-c-chua-n-mu-c-co-ng-ke-t-no-i-mo-i-723760\" target=\"_blank\">USB Type-C</a>, <a href=\"https://www.thegioididong.com/hoi-dap/vga-la-gi-920575\" target=\"_blank\">VGA (D-Sub)</a></div>\r\n  </li>\r\n  <li>Hệ điều hành:\r\n    <div><a href=\"https://www.thegioididong.com/hoi-dap/windows-10-co-tot-khong-953411\" target=\"_blank\">Windows 10</a></div>\r\n  </li>\r\n  <li>Thiết kế:\r\n    <div>Vỏ nhựa, PIN liền</div>\r\n  </li>\r\n  <li>Kích thước:\r\n    <div>25 mm, 1.9 kg</div>\r\n  </li>\r\n</ul>\r\n', 'Asus A540UP i5 7200U', '', 1, 'f.png'),
(4, 10, 11490, '<h2>Thông số kỹ thuật</h2>\r\n<ul>\r\n  <li>CPU:\r\n    <div><a href=\"https://www.thegioididong.com/hoi-dap/bo-xu-ly-intel-core-i3-i5-i7-the-he-thu-7-952583\" target=\"_blank\">Intel Core i3 Kabylake</a>, 7100U, 2.30 GHz</div>\r\n  </li>\r\n  <li>RAM:\r\n    <div>4 GB, <a href=\"https://www.thegioididong.com/hoi-dap/ram-ddr4-la-gi-882173\" target=\"_blank\">DDR4 (1 khe)</a>, 2400 MHz</div>\r\n  </li>\r\n  <li>Ổ cứng:\r\n    <div><a href=\"https://www.thegioididong.com/hoi-dap/hdd-la-gi-922791\" target=\"_blank\">HDD: 1 TB</a></div>\r\n  </li>\r\n  <li>Màn hình:\r\n    <div>14 inch, HD (1366 x 768)</div>\r\n  </li>\r\n  <li>Card màn hình:\r\n    <div><a href=\"https://www.thegioididong.com/hoi-dap/card-do-hoa-tich-hop-la-gi-950047\" target=\"_blank\">Card đồ họa tích hợp</a>, <a href=\"https://www.thegioididong.com/hoi-dap/intel-hd-graphics-620-co-manh-khong-953533\" target=\"_blank\">Intel® HD Graphics 620</a></div>\r\n  </li>\r\n  <li>Cổng kết nối:\r\n    <div><a href=\"https://www.thegioididong.com/hoi-dap/usb-30-la-gi-926737\" target=\"_blank\">2 x USB 3.0</a>, <a href=\"https://www.thegioididong.com/tin-tuc/hdmi-la-gi--590061\" target=\"_blank\">HDMI</a>, <a href=\"https://www.thegioididong.com/hoi-dap/cho-minh-hoi-thong-so-laptop-co-nhung-cai-nay-10-743872\" target=\"_blank\">LAN (RJ45)</a>, <a href=\"https://www.thegioididong.com/tin-tuc/cong-giao-tiep-usb-la-gi--590168\" target=\"_blank\">USB 2.0</a></div>\r\n  </li>\r\n  <li>Hệ điều hành:\r\n    <div><a href=\"https://www.thegioididong.com/hoi-dap/windows-10-co-tot-khong-953411\" target=\"_blank\">Windows 10</a></div>\r\n  </li>\r\n  <li>Thiết kế:\r\n    <div>Vỏ nhựa, PIN rời</div>\r\n  </li>\r\n  <li>Kích thước:\r\n    <div>Dày 21.4 mm, 1.77 kg</div>\r\n  </li>\r\n</ul>\r\n', 'Dell Inspiron 3467 i3 7100U', '', 1, 'dell1.png'),
(4, 11, 11690000, '<h2>Thông số kỹ thuật</h2>\r\n<ul>\r\n  <li>CPU:\r\n    <div><a href=\"https://www.thegioididong.com/hoi-dap/intel-core-the-he-thu-6-skylake-774739#i3\" target=\"_blank\">Intel Core i3 Skylake</a>, 6006U, 2.00 GHz</div>\r\n  </li>\r\n  <li>RAM:\r\n    <div>4 GB, <a href=\"https://www.thegioididong.com/hoi-dap/ram-ddr4-la-gi-882173\" target=\"_blank\">DDR4 (2 khe)</a>, 2400 MHz</div>\r\n  </li>\r\n  <li>Ổ cứng:\r\n    <div><a href=\"https://www.thegioididong.com/hoi-dap/hdd-la-gi-922791\" target=\"_blank\">HDD: 1 TB</a></div>\r\n  </li>\r\n  <li>Màn hình:\r\n    <div>15.6 inch, HD (1366 x 768)</div>\r\n  </li>\r\n  <li>Card màn hình:\r\n    <div><a href=\"https://www.thegioididong.com/hoi-dap/card-do-hoa-tich-hop-la-gi-950047\" target=\"_blank\">Card đồ họa tích hợp</a>, <a href=\"https://www.thegioididong.com/hoi-dap/intel-hd-graphics-520-843418\" target=\"_blank\">Intel® HD Graphics 520</a></div>\r\n  </li>\r\n  <li>Cổng kết nối:\r\n    <div><a href=\"https://www.thegioididong.com/hoi-dap/usb-30-la-gi-926737\" target=\"_blank\">2 x USB 3.0</a>, <a href=\"https://www.thegioididong.com/tin-tuc/hdmi-la-gi--590061\" target=\"_blank\">HDMI</a>, <a href=\"https://www.thegioididong.com/hoi-dap/cho-minh-hoi-thong-so-laptop-co-nhung-cai-nay-10-743872\" target=\"_blank\">LAN (RJ45)</a>, <a href=\"https://www.thegioididong.com/tin-tuc/cong-giao-tiep-usb-la-gi--590168\" target=\"_blank\">USB 2.0</a></div>\r\n  </li>\r\n  <li>Hệ điều hành:\r\n    <div><a href=\"https://www.thegioididong.com/hoi-dap/windows-10-co-tot-khong-953411\" target=\"_blank\">Windows 10</a></div>\r\n  </li>\r\n  <li>Thiết kế:\r\n    <div>Vỏ nhựa, PIN rời</div>\r\n  </li>\r\n  <li>Kích thước:\r\n    <div>Dày 23.65 mm, 2.25 kg</div>\r\n  </li>\r\n</ul>\r\n', 'Dell Inspiron 3567 i3 6006U', '', 1, 'dell2.png'),
(4, 12, 12190, '<h2>Thông số kỹ thuật</h2>\r\n<ul>\r\n  <li>CPU:\r\n    <div><a href=\"https://www.thegioididong.com/hoi-dap/bo-xu-ly-intel-core-i3-i5-i7-the-he-thu-7-952583\" target=\"_blank\">Intel Core i3 Kabylake</a>, 7100U, 2.40 GHz</div>\r\n  </li>\r\n  <li>RAM:\r\n    <div>4 GB, <a href=\"https://www.thegioididong.com/hoi-dap/ram-ddr4-la-gi-882173\" target=\"_blank\">DDR4 (1 khe)</a>, 2400 MHz</div>\r\n  </li>\r\n  <li>Ổ cứng:\r\n    <div><a href=\"https://www.thegioididong.com/hoi-dap/hdd-la-gi-922791\" target=\"_blank\">HDD: 1 TB</a></div>\r\n  </li>\r\n  <li>Màn hình:\r\n    <div>15.6 inch, HD (1366 x 768)</div>\r\n  </li>\r\n  <li>Card màn hình:\r\n    <div><a href=\"https://www.thegioididong.com/hoi-dap/card-do-hoa-tich-hop-la-gi-950047\" target=\"_blank\">Card đồ họa tích hợp</a>, <a href=\"https://www.thegioididong.com/hoi-dap/intel-hd-graphics-620-co-manh-khong-953533\" target=\"_blank\">Intel® HD Graphics 620</a></div>\r\n  </li>\r\n  <li>Cổng kết nối:\r\n    <div><a href=\"https://www.thegioididong.com/hoi-dap/usb-30-la-gi-926737\" target=\"_blank\">2 x USB 3.0</a>, <a href=\"https://www.thegioididong.com/tin-tuc/hdmi-la-gi--590061\" target=\"_blank\">HDMI</a>, <a href=\"https://www.thegioididong.com/hoi-dap/cho-minh-hoi-thong-so-laptop-co-nhung-cai-nay-10-743872\" target=\"_blank\">LAN (RJ45)</a>, <a href=\"https://www.thegioididong.com/tin-tuc/cong-giao-tiep-usb-la-gi--590168\" target=\"_blank\">USB 2.0</a>, <a href=\"https://www.thegioididong.com/hoi-dap/vga-la-gi-920575\" target=\"_blank\">VGA (D-Sub)</a></div>\r\n  </li>\r\n  <li>Hệ điều hành:\r\n    <div><a href=\"https://www.thegioididong.com/hoi-dap/windows-10-co-tot-khong-953411\" target=\"_blank\">Windows 10</a></div>\r\n  </li>\r\n  <li>Thiết kế:\r\n    <div>Vỏ nhựa, PIN rời</div>\r\n  </li>\r\n  <li>Kích thước:\r\n    <div>Dày 23.65 mm, 2.18 kg</div>\r\n  </li>\r\n</ul>\r\n', 'Dell Vostro 3568 i3 7100U', '', 1, 'dell3.jpg'),
(4, 13, 14490000, '<h2>Thông số kỹ thuật</h2>\r\n<ul>\r\n  <li>CPU:\r\n    <div><a href=\"https://www.thegioididong.com/hoi-dap/bo-xu-ly-intel-core-i3-i5-i7-the-he-thu-7-952583\" target=\"_blank\">Intel Core i5 Kabylake</a>, 7200U, 2.50 GHz</div>\r\n  </li>\r\n  <li>RAM:\r\n    <div>4 GB, <a href=\"https://www.thegioididong.com/hoi-dap/ram-ddr4-la-gi-882173\" target=\"_blank\">DDR4 (2 khe)</a>, 2133 MHz</div>\r\n  </li>\r\n  <li>Ổ cứng:\r\n    <div><a href=\"https://www.thegioididong.com/hoi-dap/hdd-la-gi-922791\" target=\"_blank\">HDD: 1 TB</a></div>\r\n  </li>\r\n  <li>Màn hình:\r\n    <div>14 inch, HD (1366 x 768)</div>\r\n  </li>\r\n  <li>Card màn hình:\r\n    <div><a href=\"https://www.thegioididong.com/hoi-dap/card-do-hoa-tich-hop-la-gi-950047\" target=\"_blank\">Card đồ họa tích hợp</a>, <a href=\"https://www.thegioididong.com/hoi-dap/intel-hd-graphics-620-co-manh-khong-953533\" target=\"_blank\">Intel® HD Graphics 620</a></div>\r\n  </li>\r\n  <li>Cổng kết nối:\r\n    <div><a href=\"https://www.thegioididong.com/hoi-dap/usb-30-la-gi-926737\" target=\"_blank\">2 x USB 3.0</a>, <a href=\"https://www.thegioididong.com/tin-tuc/hdmi-la-gi--590061\" target=\"_blank\">HDMI</a>, <a href=\"https://www.thegioididong.com/hoi-dap/cho-minh-hoi-thong-so-laptop-co-nhung-cai-nay-10-743872\" target=\"_blank\">LAN (RJ45)</a>, <a href=\"https://www.thegioididong.com/tin-tuc/cong-giao-tiep-usb-la-gi--590168\" target=\"_blank\">USB 2.0</a>, <a href=\"https://www.thegioididong.com/hoi-dap/vga-la-gi-920575\" target=\"_blank\">VGA (D-Sub)</a></div>\r\n  </li>\r\n  <li>Hệ điều hành:\r\n    <div><a href=\"https://www.thegioididong.com/hoi-dap/windows-10-co-tot-khong-953411\" target=\"_blank\">Windows 10</a></div>\r\n  </li>\r\n  <li>Thiết kế:\r\n    <div>Vỏ nhựa, PIN rời</div>\r\n  </li>\r\n  <li>Kích thước:\r\n    <div>Dày 23.35 mm, 1.96 kg</div>\r\n  </li>\r\n</ul>\r\n', 'Dell Vostro 3468 i5 7200U', '', 1, 'dell4.png'),
(4, 14, 14690000, '<h2>Thông số kỹ thuật</h2>\r\n<ul>\r\n  <li>CPU:\r\n    <div><a href=\"https://www.thegioididong.com/hoi-dap/bo-xu-ly-intel-core-i3-i5-i7-the-he-thu-7-952583\" target=\"_blank\">Intel Core i5 Kabylake</a>, 7200U, 2.50 GHz</div>\r\n  </li>\r\n  <li>RAM:\r\n    <div>4 GB, <a href=\"https://www.thegioididong.com/hoi-dap/ram-ddr4-la-gi-882173\" target=\"_blank\">DDR4 (2 khe)</a>, 2400 MHz</div>\r\n  </li>\r\n  <li>Ổ cứng:\r\n    <div><a href=\"https://www.thegioididong.com/hoi-dap/hdd-la-gi-922791\" target=\"_blank\">HDD: 1 TB</a></div>\r\n  </li>\r\n  <li>Màn hình:\r\n    <div>15.6 inch, HD (1366 x 768)</div>\r\n  </li>\r\n  <li>Card màn hình:\r\n    <div><a href=\"https://www.thegioididong.com/hoi-dap/card-do-hoa-tich-hop-la-gi-950047\" target=\"_blank\">Card đồ họa tích hợp</a>, <a href=\"https://www.thegioididong.com/hoi-dap/intel-hd-graphics-620-co-manh-khong-953533\" target=\"_blank\">Intel® HD Graphics 620</a></div>\r\n  </li>\r\n  <li>Cổng kết nối:\r\n    <div><a href=\"https://www.thegioididong.com/hoi-dap/usb-30-la-gi-926737\" target=\"_blank\">2 x USB 3.0</a>, <a href=\"https://www.thegioididong.com/tin-tuc/hdmi-la-gi--590061\" target=\"_blank\">HDMI</a>, <a href=\"https://www.thegioididong.com/hoi-dap/cho-minh-hoi-thong-so-laptop-co-nhung-cai-nay-10-743872\" target=\"_blank\">LAN (RJ45)</a>, <a href=\"https://www.thegioididong.com/tin-tuc/cong-giao-tiep-usb-la-gi--590168\" target=\"_blank\">USB 2.0</a>, <a href=\"https://www.thegioididong.com/hoi-dap/vga-la-gi-920575\" target=\"_blank\">VGA (D-Sub)</a></div>\r\n  </li>\r\n  <li>Hệ điều hành:\r\n    <div><a href=\"https://www.thegioididong.com/hoi-dap/windows-10-co-tot-khong-953411\" target=\"_blank\">Windows 10</a></div>\r\n  </li>\r\n  <li>Thiết kế:\r\n    <div>Vỏ nhựa, PIN rời</div>\r\n  </li>\r\n  <li>Kích thước:\r\n    <div>Dày 23.65 mm, 2.18 kg</div>\r\n  </li>\r\n</ul>\r\n', 'Dell Vostro 3568 i5 7200U', '', 1, 'dell5.png'),
(4, 15, 15490000, '<h2>Thông số kỹ thuật</h2>\r\n<ul>\r\n  <li>CPU:\r\n    <div><a href=\"https://www.thegioididong.com/hoi-dap/bo-xu-ly-intel-core-i3-i5-i7-the-he-thu-7-952583\" target=\"_blank\">Intel Core i5 Kabylake</a>, 7200U, 2.50 GHz</div>\r\n  </li>\r\n  <li>RAM:\r\n    <div>4 GB, <a href=\"https://www.thegioididong.com/hoi-dap/ram-ddr4-la-gi-882173\" target=\"_blank\">DDR4 (2 khe)</a>, 2133 MHz</div>\r\n  </li>\r\n  <li>Ổ cứng:\r\n    <div><a href=\"https://www.thegioididong.com/hoi-dap/hdd-la-gi-922791\" target=\"_blank\">HDD: 1 TB</a></div>\r\n  </li>\r\n  <li>Màn hình:\r\n    <div>15.6 inch, HD (1366 x 768)</div>\r\n  </li>\r\n  <li>Card màn hình:\r\n    <div><a href=\"https://www.thegioididong.com/tin-tuc/card-do-hoa-roi-tren-laptop-594941\" target=\"_blank\">Card đồ họa rời</a>, AMD Radeon R5 M420, 2 GB</div>\r\n  </li>\r\n  <li>Cổng kết nối:\r\n    <div><a href=\"https://www.thegioididong.com/hoi-dap/usb-30-la-gi-926737\" target=\"_blank\">2 x USB 3.0</a>, <a href=\"https://www.thegioididong.com/tin-tuc/hdmi-la-gi--590061\" target=\"_blank\">HDMI</a>, <a href=\"https://www.thegioididong.com/hoi-dap/cho-minh-hoi-thong-so-laptop-co-nhung-cai-nay-10-743872\" target=\"_blank\">LAN (RJ45)</a>, <a href=\"https://www.thegioididong.com/tin-tuc/cong-giao-tiep-usb-la-gi--590168\" target=\"_blank\">USB 2.0</a>, <a href=\"https://www.thegioididong.com/hoi-dap/vga-la-gi-920575\" target=\"_blank\">VGA (D-Sub)</a></div>\r\n  </li>\r\n  <li>Hệ điều hành:\r\n    <div><a href=\"https://www.thegioididong.com/hoi-dap/windows-10-co-tot-khong-953411\" target=\"_blank\">Windows 10</a></div>\r\n  </li>\r\n  <li>Thiết kế:\r\n    <div>Vỏ nhựa, PIN rời</div>\r\n  </li>\r\n  <li>Kích thước:\r\n    <div>Dày 23.65 mm, 2.18 kg</div>\r\n  </li>\r\n</ul>\r\n', 'Dell Vostro 3568 i5 7200U', '', 1, 'dell6.png'),
(5, 16, 23990000, '<h2>Thông số kỹ thuật</h2>\r\n<ul>\r\n  <li>CPU:\r\n    <div><a href=\"https://www.thegioididong.com/tin-tuc/tim-hieu-vi-xu-ly-may-tinh-cpu-intel-596066#broadwell\" target=\"_blank\">Intel Core i5 Broadwell</a>, 1.80 GHz</div>\r\n  </li>\r\n  <li>RAM:\r\n    <div>8 GB, <a href=\"https://www.thegioididong.com/hoi-dap/ram-ddr3l-on-board-la-nhu-the-nao-951049\" target=\"_blank\">DDR3L(On board)</a>, 1600 MHz</div>\r\n  </li>\r\n  <li>Ổ cứng:\r\n    <div><a href=\"https://www.thegioididong.com/hoi-dap/o-cung-ssd-la-gi-923073\" target=\"_blank\">SSD: 128 GB</a></div>\r\n  </li>\r\n  <li>Màn hình:\r\n    <div>13.3 inch, WXGA+(1440 x 900)</div>\r\n  </li>\r\n  <li>Card màn hình:\r\n    <div><a href=\"https://www.thegioididong.com/hoi-dap/card-do-hoa-tich-hop-la-gi-950047\" target=\"_blank\">Card đồ họa tích hợp</a>, <a href=\"https://www.thegioididong.com/hoi-dap/intel-hd-graphics-754665#iris\" target=\"_blank\">Intel HD Graphics 6000</a></div>\r\n  </li>\r\n  <li>Cổng kết nối:\r\n    <div><a href=\"https://www.thegioididong.com/hoi-dap/magsafe-2-tren-macbook-la-gi-959220?clearcache=1\" target=\"_blank\">MagSafe 2</a>, <a href=\"https://www.thegioididong.com/hoi-dap/usb-30-la-gi-926737\" target=\"_blank\">2 x USB 3.0</a>, <a href=\"https://www.thegioididong.com/tin-tuc/intel-cong-bo-chuan-thunderbolt-moi-nhanh-hon-gap--516567\" target=\"_blank\">Thunderbolt 2</a></div>\r\n  </li>\r\n  <li>Đặc biệt:\r\n    <div>Có đèn bàn phím</div>\r\n  </li>\r\n  <li>Hệ điều hành:\r\n    <div><a href=\"https://www.thegioididong.com/hoi-dap/mac-os-la-gi-838020\" target=\"_blank\">Mac OS</a></div>\r\n  </li>\r\n  <li>Thiết kế:\r\n    <div>Vỏ kim loại nguyên khối, PIN liền</div>\r\n  </li>\r\n  <li>Kích thước:\r\n    <div>Dày 17 mm, 1.35 Kg</div>\r\n  </li>\r\n</ul>\r\n', 'Apple Macbook Air MQD32SA', '', 1, 'apple1.jpg'),
(5, 17, 27990000, '<h2>Thông số kỹ thuật</h2>\r\n<ul>\r\n  <li>CPU:\r\n    <div><a href=\"https://www.thegioididong.com/tin-tuc/tim-hieu-vi-xu-ly-may-tinh-cpu-intel-596066#broadwell\" target=\"_blank\">Intel Core i5 Broadwell</a>, 1.60 GHz</div>\r\n  </li>\r\n  <li>RAM:\r\n    <div>8 GB, <a href=\"https://www.thegioididong.com/hoi-dap/ram-ddr3l-on-board-la-nhu-the-nao-951049\" target=\"_blank\">DDR3L(On board)</a>, 1600 MHz</div>\r\n  </li>\r\n  <li>Ổ cứng:\r\n    <div><a href=\"https://www.thegioididong.com/hoi-dap/o-cung-ssd-la-gi-923073\" target=\"_blank\">SSD: 256 GB</a></div>\r\n  </li>\r\n  <li>Màn hình:\r\n    <div>13.3 inch, WXGA+(1440 x 900)</div>\r\n  </li>\r\n  <li>Card màn hình:\r\n    <div><a href=\"https://www.thegioididong.com/hoi-dap/card-do-hoa-tich-hop-la-gi-950047\" target=\"_blank\">Card đồ họa tích hợp</a>, <a href=\"https://www.thegioididong.com/hoi-dap/intel-hd-graphics-754665#iris\" target=\"_blank\">Intel HD Graphics 6000</a></div>\r\n  </li>\r\n  <li>Cổng kết nối:\r\n    <div><a href=\"https://www.thegioididong.com/hoi-dap/magsafe-2-tren-macbook-la-gi-959220?clearcache=1\" target=\"_blank\">MagSafe 2</a>, <a href=\"https://www.thegioididong.com/hoi-dap/usb-30-la-gi-926737\" target=\"_blank\">2 x USB 3.0</a>, <a href=\"https://www.thegioididong.com/tin-tuc/intel-cong-bo-chuan-thunderbolt-moi-nhanh-hon-gap--516567\" target=\"_blank\">Thunderbolt 2</a></div>\r\n  </li>\r\n  <li>Đặc biệt:\r\n    <div>Có đèn bàn phím</div>\r\n  </li>\r\n  <li>Hệ điều hành:\r\n    <div><a href=\"https://www.thegioididong.com/hoi-dap/mac-os-la-gi-838020\" target=\"_blank\">Mac OS</a></div>\r\n  </li>\r\n  <li>Thiết kế:\r\n    <div>Vỏ kim loại nguyên khối, PIN liền</div>\r\n  </li>\r\n  <li>Kích thước:\r\n    <div>Dày 17 mm, 1.35 kg</div>\r\n  </li>\r\n</ul>\r\n', 'Apple Macbook Air MMGG2ZP', '', 1, 'apple.jpg'),
(5, 18, 28990000, '<h2>Thông số kỹ thuật</h2>\r\n<ul>\r\n  <li>CPU:\r\n    <div><a href=\"https://www.thegioididong.com/tin-tuc/tim-hieu-vi-xu-ly-may-tinh-cpu-intel-596066#broadwell\" target=\"_blank\">Intel Core i5 Broadwell</a>, 1.80 GHz</div>\r\n  </li>\r\n  <li>RAM:\r\n    <div>8 GB, <a href=\"https://www.thegioididong.com/hoi-dap/ram-ddr3l-on-board-la-nhu-the-nao-951049\" target=\"_blank\">DDR3L(On board)</a>, 1600 MHz</div>\r\n  </li>\r\n  <li>Ổ cứng:\r\n    <div><a href=\"https://www.thegioididong.com/hoi-dap/o-cung-ssd-la-gi-923073\" target=\"_blank\">SSD: 256 GB</a></div>\r\n  </li>\r\n  <li>Màn hình:\r\n    <div>13.3 inch, WXGA+(1440 x 900)</div>\r\n  </li>\r\n  <li>Card màn hình:\r\n    <div><a href=\"https://www.thegioididong.com/hoi-dap/card-do-hoa-tich-hop-la-gi-950047\" target=\"_blank\">Card đồ họa tích hợp</a>, <a href=\"https://www.thegioididong.com/hoi-dap/intel-hd-graphics-754665#iris\" target=\"_blank\">Intel HD Graphics 6000</a></div>\r\n  </li>\r\n  <li>Cổng kết nối:\r\n    <div><a href=\"https://www.thegioididong.com/hoi-dap/magsafe-2-tren-macbook-la-gi-959220?clearcache=1\" target=\"_blank\">MagSafe 2</a>, <a href=\"https://www.thegioididong.com/hoi-dap/usb-30-la-gi-926737\" target=\"_blank\">2 x USB 3.0</a>, <a href=\"https://www.thegioididong.com/tin-tuc/intel-cong-bo-chuan-thunderbolt-moi-nhanh-hon-gap--516567\" target=\"_blank\">Thunderbolt 2</a></div>\r\n  </li>\r\n  <li>Đặc biệt:\r\n    <div>Có đèn bàn phím</div>\r\n  </li>\r\n  <li>Hệ điều hành:\r\n    <div><a href=\"https://www.thegioididong.com/hoi-dap/mac-os-la-gi-838020\" target=\"_blank\">Mac OS</a></div>\r\n  </li>\r\n  <li>Thiết kế:\r\n    <div>Vỏ kim loại nguyên khối, PIN liền</div>\r\n  </li>\r\n  <li>Kích thước:\r\n    <div>Dày 17 mm, 1.35 Kg</div>\r\n  </li>\r\n</ul>\r\n<h2>Thông số kỹ thuật</h2>\r\n<ul>\r\n  <li>CPU:\r\n    <div><a href=\"https://www.thegioididong.com/tin-tuc/tim-hieu-vi-xu-ly-may-tinh-cpu-intel-596066#broadwell\" target=\"_blank\">Intel Core i5 Broadwell</a>, 1.80 GHz</div>\r\n  </li>\r\n  <li>RAM:\r\n    <div>8 GB, <a href=\"https://www.thegioididong.com/hoi-dap/ram-ddr3l-on-board-la-nhu-the-nao-951049\" target=\"_blank\">DDR3L(On board)</a>, 1600 MHz</div>\r\n  </li>\r\n  <li>Ổ cứng:\r\n    <div><a href=\"https://www.thegioididong.com/hoi-dap/o-cung-ssd-la-gi-923073\" target=\"_blank\">SSD: 256 GB</a></div>\r\n  </li>\r\n  <li>Màn hình:\r\n    <div>13.3 inch, WXGA+(1440 x 900)</div>\r\n  </li>\r\n  <li>Card màn hình:\r\n    <div><a href=\"https://www.thegioididong.com/hoi-dap/card-do-hoa-tich-hop-la-gi-950047\" target=\"_blank\">Card đồ họa tích hợp</a>, <a href=\"https://www.thegioididong.com/hoi-dap/intel-hd-graphics-754665#iris\" target=\"_blank\">Intel HD Graphics 6000</a></div>\r\n  </li>\r\n  <li>Cổng kết nối:\r\n    <div><a href=\"https://www.thegioididong.com/hoi-dap/magsafe-2-tren-macbook-la-gi-959220?clearcache=1\" target=\"_blank\">MagSafe 2</a>, <a href=\"https://www.thegioididong.com/hoi-dap/usb-30-la-gi-926737\" target=\"_blank\">2 x USB 3.0</a>, <a href=\"https://www.thegioididong.com/tin-tuc/intel-cong-bo-chuan-thunderbolt-moi-nhanh-hon-gap--516567\" target=\"_blank\">Thunderbolt 2</a></div>\r\n  </li>\r\n  <li>Đặc biệt:\r\n    <div>Có đèn bàn phím</div>\r\n  </li>\r\n  <li>Hệ điều hành:\r\n    <div><a href=\"https://www.thegioididong.com/hoi-dap/mac-os-la-gi-838020\" target=\"_blank\">Mac OS</a></div>\r\n  </li>\r\n  <li>Thiết kế:\r\n    <div>Vỏ kim loại nguyên khối, PIN liền</div>\r\n  </li>\r\n  <li>Kích thước:\r\n    <div>Dày 17 mm, 1.35 Kg</div>\r\n  </li>\r\n</ul>\r\n', 'Apple Macbook Air MQD42SA', '', 1, 'apple2.jpg');
INSERT INTO `sanpham` (`idLoai`, `idSP`, `gia`, `MoTa`, `Tensp`, `ghichu`, `Anhien`, `hinh`) VALUES
(5, 19, 30490000, '<h2>Thông số kỹ thuật</h2>\r\n<ul>\r\n  <li>CPU:\r\n    <div><a href=\"https://www.thegioididong.com/tin-tuc/suc-manh-cua-cpu-core-m-thoi-bay-quat-tan-nhiet-tr-629329\" target=\"_blank\">Intel Core M</a>, M3, 1.10 GHz</div>\r\n  </li>\r\n  <li>RAM:\r\n    <div>8 GB, <a href=\"https://www.thegioididong.com/hoi-dap/ram-ddr3-on-board-la-nhu-the-nao-950937\" target=\"_blank\">DDR3 (on board)</a>, 1866 MHz</div>\r\n  </li>\r\n  <li>Ổ cứng:\r\n    <div><a href=\"https://www.thegioididong.com/hoi-dap/o-cung-ssd-la-gi-923073\" target=\"_blank\">SSD: 256 GB</a></div>\r\n  </li>\r\n  <li>Màn hình:\r\n    <div>12 inch, <a href=\"https://www.thegioididong.com/hoi-dap/man-hinh-retina-la-gi-905780\" target=\"_blank\">Retina (2304 x 1440)</a></div>\r\n  </li>\r\n  <li>Card màn hình:\r\n    <div><a href=\"https://www.thegioididong.com/hoi-dap/card-do-hoa-tich-hop-la-gi-950047\" target=\"_blank\">Card đồ họa tích hợp</a>, <a href=\"https://www.thegioididong.com/hoi-dap/intel-hd-graphics-515-868296\" target=\"_blank\">Intel® HD Graphics 515</a></div>\r\n  </li>\r\n  <li>Cổng kết nối:\r\n    <div><a href=\"https://www.thegioididong.com/hoi-dap/usb-type-c-chua-n-mu-c-co-ng-ke-t-no-i-mo-i-723760\" target=\"_blank\">USB Type-C</a></div>\r\n  </li>\r\n  <li>Đặc biệt:\r\n    <div>Có đèn bàn phím</div>\r\n  </li>\r\n  <li>Hệ điều hành:\r\n    <div><a href=\"https://www.thegioididong.com/hoi-dap/mac-os-la-gi-838020\" target=\"_blank\">Mac OS</a></div>\r\n  </li>\r\n  <li>Thiết kế:\r\n    <div>Vỏ kim loại nguyên khối, PIN liền</div>\r\n  </li>\r\n  <li>Kích thước:\r\n    <div>Dày 13.1 mm, 0.9 kg</div>\r\n  </li>\r\n</ul>\r\n', 'Apple Macbook 12\" MLH72 Core M 1.1GHz', '', 1, 'apple4.jpg'),
(5, 20, 33990000, '<h2>Thông số kỹ thuật</h2>\r\n<ul>\r\n  <li>CPU:\r\n    <div><a href=\"https://www.thegioididong.com/hoi-dap/bo-xu-ly-intel-core-i3-i5-i7-the-he-thu-7-952583\" target=\"_blank\">Intel Core i5 Kabylake</a>, 2.30 GHz</div>\r\n  </li>\r\n  <li>RAM:\r\n    <div>8 GB, <a href=\"https://www.thegioididong.com/hoi-dap/ram-ddr3-on-board-la-nhu-the-nao-950937\" target=\"_blank\">DDR3 (on board)</a>, 2133 MHz</div>\r\n  </li>\r\n  <li>Ổ cứng:\r\n    <div><a href=\"https://www.thegioididong.com/hoi-dap/o-cung-ssd-la-gi-923073\" target=\"_blank\">SSD: 128 GB</a></div>\r\n  </li>\r\n  <li>Màn hình:\r\n    <div>13.3 inch, <a href=\"https://www.thegioididong.com/hoi-dap/man-hinh-retina-la-gi-905780\" target=\"_blank\">Retina (2560 x 1600)</a></div>\r\n  </li>\r\n  <li>Card màn hình:\r\n    <div><a href=\"https://www.thegioididong.com/hoi-dap/card-do-hoa-tich-hop-la-gi-950047\" target=\"_blank\">Card đồ họa tích hợp</a>, Intel® Iris™ Plus Graphics 640</div>\r\n  </li>\r\n  <li>Cổng kết nối:\r\n    <div><a href=\"https://www.thegioididong.com/hoi-dap/thunderbolt-3-usbc-la-gi-959274\" target=\"_blank\">2 x Thunderbolt 3 (USB-C)</a></div>\r\n  </li>\r\n  <li>Đặc biệt:\r\n    <div>Có đèn bàn phím</div>\r\n  </li>\r\n  <li>Hệ điều hành:\r\n    <div><a href=\"https://www.thegioididong.com/hoi-dap/mac-os-la-gi-838020\" target=\"_blank\">Mac OS</a></div>\r\n  </li>\r\n  <li>Thiết kế:\r\n    <div>Vỏ kim loại nguyên khối, PIN liền</div>\r\n  </li>\r\n  <li>Kích thước:\r\n    <div>Dày 14,9 mm, 1.37 kg</div>\r\n  </li>\r\n</ul>\r\n', 'Laptop Apple Macbook Pro MPXR2SA', '', 1, 'apple5.jpg'),
(6, 21, 7690000, '<h2>Thông số kỹ thuật</h2>\r\n<ul>\r\n  <li>CPU:\r\n    <div><a href=\"https://www.thegioididong.com/tin-tuc/tim-hieu-vi-xu-ly-may-tinh-cpu-intel-596066#intelpentinum\" target=\"_blank\">Intel Pentium</a>, N3710, 1.60 GHz</div>\r\n  </li>\r\n  <li>RAM:\r\n    <div>4 GB, <a href=\"https://www.thegioididong.com/tin-tuc/ram-laptop-599009#ramddr3l\" target=\"_blank\">DDR3L (1 khe RAM)</a>, 1600 MHz</div>\r\n  </li>\r\n  <li>Ổ cứng:\r\n    <div><a href=\"https://www.thegioididong.com/hoi-dap/hdd-la-gi-922791\" target=\"_blank\">HDD: 500 GB</a></div>\r\n  </li>\r\n  <li>Màn hình:\r\n    <div>15.6 inch, HD (1366 x 768)</div>\r\n  </li>\r\n  <li>Card màn hình:\r\n    <div><a href=\"https://www.thegioididong.com/hoi-dap/card-do-hoa-tich-hop-la-gi-950047\" target=\"_blank\">Card đồ họa tích hợp</a>, <a href=\"https://www.thegioididong.com/hoi-dap/intel-hd-graphics-405-959250\" target=\"_blank\">Intel® HD Graphics 405</a></div>\r\n  </li>\r\n  <li>Cổng kết nối:\r\n    <div><a href=\"https://www.thegioididong.com/hoi-dap/usb-30-la-gi-926737\" target=\"_blank\">2 x USB 3.0</a>, <a href=\"https://www.thegioididong.com/tin-tuc/hdmi-la-gi--590061\" target=\"_blank\">HDMI</a>, <a href=\"https://www.thegioididong.com/hoi-dap/cho-minh-hoi-thong-so-laptop-co-nhung-cai-nay-10-743872\" target=\"_blank\">LAN (RJ45)</a>, <a href=\"https://www.thegioididong.com/tin-tuc/cong-giao-tiep-usb-la-gi--590168\" target=\"_blank\">USB 2.0</a></div>\r\n  </li>\r\n  <li>Hệ điều hành:\r\n    <div><a href=\"https://www.thegioididong.com/hoi-dap/windows-10-co-tot-khong-953411\" target=\"_blank\">Windows 10</a></div>\r\n  </li>\r\n  <li>Thiết kế:\r\n    <div>Vỏ nhựa, PIN rời</div>\r\n  </li>\r\n  <li>Kích thước:\r\n    <div>Dày 23.8 mm, 1.86 kg</div>\r\n  </li>\r\n</ul>\r\n', 'HP 15 bs578TU N3710', '', 1, 'hp1.jpg'),
(6, 22, 10490000, '<h2>Thông số kỹ thuật</h2>\r\n<ul>\r\n  <li>CPU:\r\n    <div><a href=\"https://www.thegioididong.com/hoi-dap/intel-core-the-he-thu-6-skylake-774739#i3\" target=\"_blank\">Intel Core i3 Skylake</a>, 6006U, 2.00 GHz</div>\r\n  </li>\r\n  <li>RAM:\r\n    <div>4 GB, <a href=\"https://www.thegioididong.com/hoi-dap/ram-ddr4-la-gi-882173\" target=\"_blank\">DDR4 (1 khe)</a>, 2133 MHz</div>\r\n  </li>\r\n  <li>Ổ cứng:\r\n    <div><a href=\"https://www.thegioididong.com/hoi-dap/hdd-la-gi-922791\" target=\"_blank\">HDD: 1 TB</a></div>\r\n  </li>\r\n  <li>Màn hình:\r\n    <div>15.6 inch, HD (1366 x 768)</div>\r\n  </li>\r\n  <li>Card màn hình:\r\n    <div><a href=\"https://www.thegioididong.com/hoi-dap/card-do-hoa-tich-hop-la-gi-950047\" target=\"_blank\">Card đồ họa tích hợp</a>, <a href=\"https://www.thegioididong.com/hoi-dap/intel-hd-graphics-520-843418\" target=\"_blank\">Intel® HD Graphics 520</a></div>\r\n  </li>\r\n  <li>Cổng kết nối:\r\n    <div><a href=\"https://www.thegioididong.com/hoi-dap/usb-30-la-gi-926737\" target=\"_blank\">2 x USB 3.0</a>, <a href=\"https://www.thegioididong.com/tin-tuc/hdmi-la-gi--590061\" target=\"_blank\">HDMI</a>, <a href=\"https://www.thegioididong.com/hoi-dap/cho-minh-hoi-thong-so-laptop-co-nhung-cai-nay-10-743872\" target=\"_blank\">LAN (RJ45)</a>, <a href=\"https://www.thegioididong.com/tin-tuc/cong-giao-tiep-usb-la-gi--590168\" target=\"_blank\">USB 2.0</a></div>\r\n  </li>\r\n  <li>Hệ điều hành:\r\n    <div><a href=\"https://www.thegioididong.com/hoi-dap/windows-10-co-tot-khong-953411\" target=\"_blank\">Windows 10</a></div>\r\n  </li>\r\n  <li>Thiết kế:\r\n    <div>Vỏ nhựa, PIN rời</div>\r\n  </li>\r\n  <li>Kích thước:\r\n    <div>Dày 23.8 mm, 1.86 kg</div>\r\n  </li>\r\n</ul>\r\n', 'HP 15 bs571TU i3 6006U', '', 1, 'hp2.jpg'),
(6, 23, 10990000, '<h2>Thông số kỹ thuật</h2>\r\n<ul>\r\n  <li>CPU:\r\n    <div><a href=\"https://www.thegioididong.com/hoi-dap/intel-core-the-he-thu-6-skylake-774739#i3\" target=\"_blank\">Intel Core i3 Skylake</a>, 6006U, 2.00 GHz</div>\r\n  </li>\r\n  <li>RAM:\r\n    <div>4 GB, <a href=\"https://www.thegioididong.com/hoi-dap/ram-ddr4-la-gi-882173\" target=\"_blank\">DDR4 (1 khe)</a>, 2133 MHz</div>\r\n  </li>\r\n  <li>Ổ cứng:\r\n    <div><a href=\"https://www.thegioididong.com/hoi-dap/hdd-la-gi-922791\" target=\"_blank\">HDD: 500 GB</a></div>\r\n  </li>\r\n  <li>Màn hình:\r\n    <div>15.6 inch, <a href=\"https://www.thegioididong.com/hoi-dap/man-hinh-fhd-la-gi-956294\" target=\"_blank\">Full HD (1920 x 1080)</a></div>\r\n  </li>\r\n  <li>Card màn hình:\r\n    <div><a href=\"https://www.thegioididong.com/hoi-dap/card-do-hoa-tich-hop-la-gi-950047\" target=\"_blank\">Card đồ họa tích hợp</a>, <a href=\"https://www.thegioididong.com/hoi-dap/intel-hd-graphics-520-843418\" target=\"_blank\">Intel® HD Graphics 520</a></div>\r\n  </li>\r\n  <li>Cổng kết nối:\r\n    <div><a href=\"https://www.thegioididong.com/hoi-dap/usb-30-la-gi-926737\" target=\"_blank\">2 x USB 3.0</a>, <a href=\"https://www.thegioididong.com/tin-tuc/hdmi-la-gi--590061\" target=\"_blank\">HDMI</a>, <a href=\"https://www.thegioididong.com/hoi-dap/cho-minh-hoi-thong-so-laptop-co-nhung-cai-nay-10-743872\" target=\"_blank\">LAN (RJ45)</a>, <a href=\"https://www.thegioididong.com/tin-tuc/cong-giao-tiep-usb-la-gi--590168\" target=\"_blank\">USB 2.0</a></div>\r\n  </li>\r\n  <li>Hệ điều hành:\r\n    <div><a href=\"https://www.thegioididong.com/hoi-dap/windows-10-co-tot-khong-953411\" target=\"_blank\">Windows 10</a></div>\r\n  </li>\r\n  <li>Thiết kế:\r\n    <div>Vỏ nhựa, PIN rời</div>\r\n  </li>\r\n  <li>Kích thước:\r\n    <div>Dày 23.8 mm, 1.86 kg</div>\r\n  </li>\r\n</ul>\r\n', 'HP 15 bs572TU i3 6006U', '', 1, 'hp3.jpg'),
(6, 24, 11690000, '<h2>Thông số kỹ thuật</h2>\r\n<ul>\r\n  <li>CPU:\r\n    <div><a href=\"https://www.thegioididong.com/hoi-dap/bo-xu-ly-intel-core-i3-i5-i7-the-he-thu-7-952583\" target=\"_blank\">Intel Core i3 Kabylake</a>, 7100U, 2.40 GHz</div>\r\n  </li>\r\n  <li>RAM:\r\n    <div>4 GB, <a href=\"https://www.thegioididong.com/hoi-dap/ram-ddr4-la-gi-882173\" target=\"_blank\">DDR4 (2 khe)</a>, 2133 MHz</div>\r\n  </li>\r\n  <li>Ổ cứng:\r\n    <div><a href=\"https://www.thegioididong.com/hoi-dap/hdd-la-gi-922791\" target=\"_blank\">HDD: 500 GB</a></div>\r\n  </li>\r\n  <li>Màn hình:\r\n    <div>14 inch, HD (1366 x 768)</div>\r\n  </li>\r\n  <li>Card màn hình:\r\n    <div><a href=\"https://www.thegioididong.com/hoi-dap/card-do-hoa-tich-hop-la-gi-950047\" target=\"_blank\">Card đồ họa tích hợp</a>, <a href=\"https://www.thegioididong.com/hoi-dap/intel-hd-graphics-620-co-manh-khong-953533\" target=\"_blank\">Intel® HD Graphics 620</a></div>\r\n  </li>\r\n  <li>Cổng kết nối:\r\n    <div><a href=\"https://www.thegioididong.com/hoi-dap/usb-30-la-gi-926737\" target=\"_blank\">2 x USB 3.0</a>, <a href=\"https://www.thegioididong.com/tin-tuc/hdmi-la-gi--590061\" target=\"_blank\">HDMI</a>, <a href=\"https://www.thegioididong.com/hoi-dap/cho-minh-hoi-thong-so-laptop-co-nhung-cai-nay-10-743872\" target=\"_blank\">LAN (RJ45)</a>, <a href=\"https://www.thegioididong.com/tin-tuc/cong-giao-tiep-usb-la-gi--590168\" target=\"_blank\">USB 2.0</a></div>\r\n  </li>\r\n  <li>Hệ điều hành:\r\n    <div><a href=\"https://www.thegioididong.com/hoi-dap/windows-10-co-tot-khong-953411\" target=\"_blank\">Windows 10</a></div>\r\n  </li>\r\n  <li>Thiết kế:\r\n    <div>Vỏ nhựa, PIN liền</div>\r\n  </li>\r\n  <li>Kích thước:\r\n    <div>Dày 19.5 mm, 1.7 Kg</div>\r\n  </li>\r\n</ul>\r\n', 'HP Pavilion 14 AL103TU i3 7100U', '', 1, 'hp4.jpg'),
(6, 25, 11990000, '<h2>Thông số kỹ thuật</h2>\r\n<ul>\r\n  <li>CPU:\r\n    <div><a href=\"https://www.thegioididong.com/hoi-dap/bo-xu-ly-intel-core-i3-i5-i7-the-he-thu-7-952583\" target=\"_blank\">Intel Core i3 Kabylake</a>, 7100U, 2.40 GHz</div>\r\n  </li>\r\n  <li>RAM:\r\n    <div>4 GB, <a href=\"https://www.thegioididong.com/hoi-dap/ram-ddr4-la-gi-882173\" target=\"_blank\">DDR4 (1 khe)</a>, 2133 MHz</div>\r\n  </li>\r\n  <li>Ổ cứng:\r\n    <div><a href=\"https://www.thegioididong.com/hoi-dap/hdd-la-gi-922791\" target=\"_blank\">HDD: 500 GB</a></div>\r\n  </li>\r\n  <li>Màn hình:\r\n    <div>11.6 inch, HD (1366 x 768)</div>\r\n  </li>\r\n  <li>Card màn hình:\r\n    <div><a href=\"https://www.thegioididong.com/hoi-dap/card-do-hoa-tich-hop-la-gi-950047\" target=\"_blank\">Card đồ họa tích hợp</a>, <a href=\"https://www.thegioididong.com/hoi-dap/intel-hd-graphics-620-co-manh-khong-953533\" target=\"_blank\">Intel® HD Graphics 620</a></div>\r\n  </li>\r\n  <li>Cổng kết nối:\r\n    <div><a href=\"https://www.thegioididong.com/hoi-dap/usb-30-la-gi-926737\" target=\"_blank\">2 x USB 3.0</a>, <a href=\"https://www.thegioididong.com/tin-tuc/hdmi-la-gi--590061\" target=\"_blank\">HDMI</a>, <a href=\"https://www.thegioididong.com/hoi-dap/cho-minh-hoi-thong-so-laptop-co-nhung-cai-nay-10-743872\" target=\"_blank\">LAN (RJ45)</a>, <a href=\"https://www.thegioididong.com/tin-tuc/cong-giao-tiep-usb-la-gi--590168\" target=\"_blank\">USB 2.0</a></div>\r\n  </li>\r\n  <li>Đặc biệt:\r\n    <div>Có màn hình cảm ứng</div>\r\n  </li>\r\n  <li>Hệ điều hành:\r\n    <div><a href=\"https://www.thegioididong.com/hoi-dap/windows-10-co-tot-khong-953411\" target=\"_blank\">Windows 10</a></div>\r\n  </li>\r\n  <li>Thiết kế:\r\n    <div>Vỏ nhựa, PIN liền</div>\r\n  </li>\r\n  <li>Kích thước:\r\n    <div>Dày 19.3 mm, 1.41 kg</div>\r\n  </li>\r\n</ul>\r\n', 'HP Pavilion x360 11-u103TU i3 7100U', '', 1, 'hp5.jpg'),
(6, 26, 12490000, '<h2>Thông số kỹ thuật</h2>\r\n<ul>\r\n  <li>CPU:\r\n    <div><a href=\"https://www.thegioididong.com/hoi-dap/bo-xu-ly-intel-core-i3-i5-i7-the-he-thu-7-952583\" target=\"_blank\">Intel Core i3 Kabylake</a>, 7100U, 2.40 GHz</div>\r\n  </li>\r\n  <li>RAM:\r\n    <div>4 GB, <a href=\"https://www.thegioididong.com/hoi-dap/ram-ddr4-la-gi-882173\" target=\"_blank\">DDR4 (1 khe)</a>, 2133 MHz</div>\r\n  </li>\r\n  <li>Ổ cứng:\r\n    <div><a href=\"https://www.thegioididong.com/hoi-dap/hdd-la-gi-922791\" target=\"_blank\">HDD: 500 GB</a></div>\r\n  </li>\r\n  <li>Màn hình:\r\n    <div>13.3 inch, HD (1366 x 768)</div>\r\n  </li>\r\n  <li>Card màn hình:\r\n    <div><a href=\"https://www.thegioididong.com/hoi-dap/card-do-hoa-tich-hop-la-gi-950047\" target=\"_blank\">Card đồ họa tích hợp</a>, <a href=\"https://www.thegioididong.com/hoi-dap/intel-hd-graphics-620-co-manh-khong-953533\" target=\"_blank\">Intel® HD Graphics 620</a></div>\r\n  </li>\r\n  <li>Cổng kết nối:\r\n    <div><a href=\"https://www.thegioididong.com/hoi-dap/usb-30-la-gi-926737\" target=\"_blank\">2 x USB 3.0</a>, <a href=\"https://www.thegioididong.com/tin-tuc/hdmi-la-gi--590061\" target=\"_blank\">HDMI</a>, <a href=\"https://www.thegioididong.com/tin-tuc/cong-giao-tiep-usb-la-gi--590168\" target=\"_blank\">USB 2.0</a></div>\r\n  </li>\r\n  <li>Đặc biệt:\r\n    <div>Có màn hình cảm ứng</div>\r\n  </li>\r\n  <li>Hệ điều hành:\r\n    <div><a href=\"https://www.thegioididong.com/hoi-dap/windows-10-co-tot-khong-953411\" target=\"_blank\">Windows 10</a></div>\r\n  </li>\r\n  <li>Thiết kế:\r\n    <div>Vỏ nhựa, PIN liền</div>\r\n  </li>\r\n  <li>Kích thước:\r\n    <div>Dày 19.8 mm, 1.66 kg</div>\r\n  </li>\r\n</ul>\r\n', 'HP Pavilion x360 u103TU i3 7100U', '', 1, 'hp6.jpg'),
(6, 27, 12990000, '<h2>Thông số kỹ thuật</h2>\r\n<ul>\r\n  <li>CPU:\r\n    <div><a href=\"https://www.thegioididong.com/hoi-dap/bo-xu-ly-intel-core-i3-i5-i7-the-he-thu-7-952583\" target=\"_blank\">Intel Core i3 Kabylake</a>, 7100U, 2.40 GHz</div>\r\n  </li>\r\n  <li>RAM:\r\n    <div>4 GB, <a href=\"https://www.thegioididong.com/hoi-dap/ram-ddr4-la-gi-882173\" target=\"_blank\">DDR4 (2 khe)</a>, 2133 MHz</div>\r\n  </li>\r\n  <li>Ổ cứng:\r\n    <div><a href=\"https://www.thegioididong.com/hoi-dap/hdd-la-gi-922791\" target=\"_blank\">HDD: 1 TB</a></div>\r\n  </li>\r\n  <li>Màn hình:\r\n    <div>14 inch, <a href=\"https://www.thegioididong.com/hoi-dap/man-hinh-fhd-la-gi-956294\" target=\"_blank\">Full HD (1920 x 1080)</a></div>\r\n  </li>\r\n  <li>Card màn hình:\r\n    <div><a href=\"https://www.thegioididong.com/hoi-dap/card-do-hoa-tich-hop-la-gi-950047\" target=\"_blank\">Card đồ họa tích hợp</a>, <a href=\"https://www.thegioididong.com/hoi-dap/intel-hd-graphics-620-co-manh-khong-953533\" target=\"_blank\">Intel® HD Graphics 620</a></div>\r\n  </li>\r\n  <li>Cổng kết nối:\r\n    <div><a href=\"https://www.thegioididong.com/hoi-dap/usb-30-la-gi-926737\" target=\"_blank\">2 x USB 3.0</a>, <a href=\"https://www.thegioididong.com/tin-tuc/hdmi-la-gi--590061\" target=\"_blank\">HDMI</a>, <a href=\"https://www.thegioididong.com/hoi-dap/cho-minh-hoi-thong-so-laptop-co-nhung-cai-nay-10-743872\" target=\"_blank\">LAN (RJ45)</a>, <a href=\"https://www.thegioididong.com/hoi-dap/usb-type-c-chua-n-mu-c-co-ng-ke-t-no-i-mo-i-723760\" target=\"_blank\">USB Type-C</a></div>\r\n  </li>\r\n  <li>Hệ điều hành:\r\n    <div><a href=\"https://www.thegioididong.com/hoi-dap/windows-10-co-tot-khong-953411\" target=\"_blank\">Windows 10</a></div>\r\n  </li>\r\n  <li>Thiết kế:\r\n    <div><a href=\"https://www.thegioididong.com/hoi-dap/laptop-vo-nhua-va-chieu-nghi-tay-bang-kim-loai-la-959263\" target=\"_blank\">Vỏ nhựa - chiếu nghỉ tay bằng kim loại</a>, PIN liền</div>\r\n  </li>\r\n  <li>Kích thước:\r\n    <div>Dày 19.9 mm, 1.62 kg</div>\r\n  </li>\r\n</ul>\r\n', 'HP Pavilion 14 bf019TU i3 7100U', '', 1, 'hp7.jpg'),
(13, 29, 16990000, '', 'iPad Pro 10.5 inch Wifi 64GB', 'dàeagr', 1, 'ipad2.png'),
(13, 30, 15490000, '', 'iPad Air 2 Cellular 128GB', '', 1, 'ipad3.png'),
(13, 32, 12990000, '<h2>Thông số kỹ thuật</h2>\r\n<ul>\r\n  <li>Màn hình\r\n    <div><a href=\"https://www.thegioididong.com/tin-tuc/cac-cong-nghe-hien-thi-tren-man-hinh-laptop-597377#ledbacklit\" target=\"_blank\">LED backlit LCD</a>, 9.7\"</div>\r\n  </li>\r\n  <li>Hệ điều hành\r\n    <div>iOS 10</div>\r\n  </li>\r\n  <li>CPU\r\n    <div><a href=\"https://www.thegioididong.com/hoi-dap/so-sanh-chip-apple-a9-va-a9x-985420#chip-a9\" target=\"_blank\">Apple A9 2 nhân 64-bit</a>, 1.84 GHz</div>\r\n  </li>\r\n  <li>RAM\r\n    <div>2 GB</div>\r\n  </li>\r\n  <li>Bộ nhớ trong\r\n    <div>32 GB</div>\r\n  </li>\r\n  <li>Camera sau\r\n    <div>8 MP</div>\r\n  </li>\r\n  <li>Camera trước\r\n    <div>1.2 MP</div>\r\n  </li>\r\n  <li>Kết nối mạng\r\n    <div>WiFi, 3G, <a href=\"https://www.thegioididong.com/hoi-dap/4g-la-gi-731757\" target=\"_blank\">LTE Cat 4</a></div>\r\n  </li>\r\n  <li>Hỗ trợ SIM\r\n    <div><a href=\"http://www.thegioididong.com/tin-tuc/tim-hieu-cac-loai-sim-thong-dung-sim-thuong-micro--590216#nanosim\" target=\"_blank\">Nano Sim</a></div>\r\n  </li>\r\n  <li>Đàm thoại\r\n    <div><a href=\"https://www.thegioididong.com/tin-tuc/facetime-la-gi--590056\" target=\"_blank\">FaceTime</a></div>\r\n  </li>\r\n</ul>\r\n', 'iPad Wifi Cellular 32GB', '', 1, 'apple5.png'),
(14, 33, 16490000, '<h2>Thông số kỹ thuật</h2>\r\n<ul>\r\n  <li>Màn hình\r\n    <div><a href=\"https://www.thegioididong.com/hoi-dap/man-hinh-super-amoled-la-gi-905770\" target=\"_blank\">Super AMOLED</a>, 9.7\"</div>\r\n  </li>\r\n  <li>Hệ điều hành\r\n    <div>Android 7.0</div>\r\n  </li>\r\n  <li>CPU\r\n    <div><a href=\"https://www.thegioididong.com/hoi-dap/qualcomm-snapdragon-820-763732\" target=\"_blank\">Qualcomm MSM8996</a>, 2 nhân 2.15 GHz &amp; 2 nhân 1.6 GHz</div>\r\n  </li>\r\n  <li>RAM\r\n    <div>4 GB</div>\r\n  </li>\r\n  <li>Bộ nhớ trong\r\n    <div>32 GB</div>\r\n  </li>\r\n  <li>Camera sau\r\n    <div>13 MP</div>\r\n  </li>\r\n  <li>Camera trước\r\n    <div>5 MP</div>\r\n  </li>\r\n  <li>Kết nối mạng\r\n    <div>WiFi, 3G, <a href=\"https://www.thegioididong.com/hoi-dap/4g-la-gi-731757\" target=\"_blank\">4G LTE</a></div>\r\n  </li>\r\n  <li>Hỗ trợ SIM\r\n    <div><a href=\"http://www.thegioididong.com/tin-tuc/tim-hieu-cac-loai-sim-thong-dung-sim-thuong-micro--590216#microsim\" target=\"_blank\">Micro sim</a></div>\r\n  </li>\r\n  <li>Đàm thoại\r\n    <div>Có</div>\r\n  </li>\r\n</ul>\r\n', 'Samsung Galaxy Tab S3', '', 1, 'samsung1.png'),
(14, 34, 6490000, '<h2>Thông số kỹ thuật</h2>\r\n<ul>\r\n  <li>Màn hình\r\n    <div><a href=\"https://www.thegioididong.com/tin-tuc/loai-man-hinh-tft-lcd-amoled-la-gi--592346#tftlcd\" target=\"_blank\">PLS TFT</a>, 8\"</div>\r\n  </li>\r\n  <li>Hệ điều hành\r\n    <div>Android 7.0</div>\r\n  </li>\r\n  <li>CPU\r\n    <div><a href=\"https://www.thegioididong.com/hoi-dap/tim-hieu-chip-qualcomm-snapdragon-425-1009665\" target=\"_blank\">Qualcomm MSM8917</a>, 1.4 GHz</div>\r\n  </li>\r\n  <li>RAM\r\n    <div>2 GB</div>\r\n  </li>\r\n  <li>Bộ nhớ trong\r\n    <div>16 GB</div>\r\n  </li>\r\n  <li>Camera sau\r\n    <div>8 MP</div>\r\n  </li>\r\n  <li>Camera trước\r\n    <div>5 MP</div>\r\n  </li>\r\n  <li>Kết nối mạng\r\n    <div>WiFi, 3G, <a href=\"https://www.thegioididong.com/hoi-dap/4g-la-gi-731757\" target=\"_blank\">4G LTE</a></div>\r\n  </li>\r\n  <li>Hỗ trợ SIM\r\n    <div><a href=\"http://www.thegioididong.com/tin-tuc/tim-hieu-cac-loai-sim-thong-dung-sim-thuong-micro--590216#nanosim\" target=\"_blank\">Nano Sim</a></div>\r\n  </li>\r\n  <li>Đàm thoại\r\n    <div>Có</div>\r\n  </li>\r\n</ul>\r\n', 'Samsung Galaxy Tab A 8.0', '', 1, 'samsung2.png'),
(14, 35, 4990000, '<h2>Thông số kỹ thuật</h2>\r\n<ul>\r\n  <li>Màn hình\r\n    <div><a href=\"https://www.thegioididong.com/tin-tuc/loai-man-hinh-tft-lcd-amoled-la-gi--592346#tftlcd\" target=\"_blank\">WXGA TFT</a>, 9.6\"</div>\r\n  </li>\r\n  <li>Hệ điều hành\r\n    <div><a href=\"https://www.thegioididong.com/tin-tuc/he-dieu-hanh-android-qua-cac-phien-ban-cap-nhat-592544#android44\" target=\"_blank\">Android 4.4</a></div>\r\n  </li>\r\n  <li>CPU\r\n    <div><a href=\"https://www.thegioididong.com/hoi-dap/tim-hieu-ve-soc-spreadtrum-tren-samsung-galaxy-cor-601141\" target=\"_blank\">Spreadtrum 4 nhân</a>, 1.3 GHz</div>\r\n  </li>\r\n  <li>RAM\r\n    <div>1.5 GB</div>\r\n  </li>\r\n  <li>Bộ nhớ trong\r\n    <div>8 GB</div>\r\n  </li>\r\n  <li>Camera sau\r\n    <div>5 MP</div>\r\n  </li>\r\n  <li>Camera trước\r\n    <div>2 MP</div>\r\n  </li>\r\n  <li>Kết nối mạng\r\n    <div>WiFi, 3G, Không hỗ trợ 4G</div>\r\n  </li>\r\n  <li>Hỗ trợ SIM\r\n    <div><a href=\"http://www.thegioididong.com/tin-tuc/tim-hieu-cac-loai-sim-thong-dung-sim-thuong-micro--590216#microsim\" target=\"_blank\">Micro sim</a></div>\r\n  </li>\r\n  <li>Đàm thoại\r\n    <div>Có</div>\r\n  </li>\r\n</ul>\r\n', 'Samsung Galaxy Tab E 9.6', '', 1, 'samsung3.png'),
(14, 36, 3590000, '<h2>Thông số kỹ thuật</h2>\r\n<ul>\r\n  <li>Màn hình\r\n    <div><a href=\"https://www.thegioididong.com/hoi-dap/man-hinh-tft-lcd-la-gi-905743\" target=\"_blank\">TFT LCD</a>, 7\"</div>\r\n  </li>\r\n  <li>Hệ điều hành\r\n    <div><a href=\"https://www.thegioididong.com/hoi-dap/android-51-co-thay-doi-gi-moi-658189\" target=\"_blank\">Android 5.1</a></div>\r\n  </li>\r\n  <li>CPU\r\n    <div>CPU 4 nhân, 1.3 GHz</div>\r\n  </li>\r\n  <li>RAM\r\n    <div>1.5 GB</div>\r\n  </li>\r\n  <li>Bộ nhớ trong\r\n    <div>8 GB</div>\r\n  </li>\r\n  <li>Camera sau\r\n    <div>5 MP</div>\r\n  </li>\r\n  <li>Camera trước\r\n    <div>2 MP</div>\r\n  </li>\r\n  <li>Kết nối mạng\r\n    <div>WiFi, 3G, <a href=\"https://www.thegioididong.com/hoi-dap/4g-la-gi-731757\" target=\"_blank\">4G LTE</a></div>\r\n  </li>\r\n  <li>Hỗ trợ SIM\r\n    <div><a href=\"http://www.thegioididong.com/tin-tuc/tim-hieu-cac-loai-sim-thong-dung-sim-thuong-micro--590216#microsim\" target=\"_blank\">Micro sim</a></div>\r\n  </li>\r\n  <li>Đàm thoại\r\n    <div>Có</div>\r\n  </li>\r\n</ul>\r\n', 'Samsung Galaxy Tab A6 7.0', '', 1, 'samsung4.png'),
(15, 37, 5990000, '<h2>Thông số kỹ thuật</h2>\r\n<ul>\r\n  <li>Màn hình\r\n    <div><a href=\"https://www.thegioididong.com/hoi-dap/man-hinh-ips-lcd-la-gi-905752\" target=\"_blank\">IPS LCD</a>, 6.9\"</div>\r\n  </li>\r\n  <li>Hệ điều hành\r\n    <div><a href=\"https://www.thegioididong.com/hoi-dap/android-51-co-thay-doi-gi-moi-658189\" target=\"_blank\">Android 5.1</a></div>\r\n  </li>\r\n  <li>CPU\r\n    <div><a href=\"https://www.thegioididong.com/tin-tuc/tim-hieu-vi-xu-ly-di-dong-arm-va-qualcomm-snapdrag-592769\" target=\"_blank\">Qualcomm Snapdragon 200 4 nhân 32bit</a>, 1.2 GHz</div>\r\n  </li>\r\n  <li>RAM\r\n    <div>1 GB</div>\r\n  </li>\r\n  <li>Bộ nhớ trong\r\n    <div>8 GB</div>\r\n  </li>\r\n  <li>Camera sau\r\n    <div>8 MP</div>\r\n  </li>\r\n  <li>Camera trước\r\n    <div>2 MP</div>\r\n  </li>\r\n  <li>Kết nối mạng\r\n    <div>WiFi, 3G, Không hỗ trợ 4G</div>\r\n  </li>\r\n</ul>\r\n', 'Asus Zenfone Go ZB690KG', '', 1, 'asus.png'),
(16, 38, 3990000, '', 'Lenovo Phab 2', 'â', 1, 'lenovo.png'),
(16, 39, 3190000, '<h2>Thông số kỹ thuật</h2>\r\n<ul>\r\n  <li>Màn hình\r\n    <div><a href=\"https://www.thegioididong.com/hoi-dap/man-hinh-ips-lcd-la-gi-905752\" target=\"_blank\">IPS LCD</a>, 8\"</div>\r\n  </li>\r\n  <li>Hệ điều hành\r\n    <div><a href=\"https://www.thegioididong.com/hoi-dap/android-6-marshmallow-co-gi-hot-726146\" target=\"_blank\">Android 6.0 (Marshmallow)</a></div>\r\n  </li>\r\n  <li>CPU\r\n    <div><a href=\"https://www.thegioididong.com/tin-tuc/tim-hieu-vi-xu-ly-tren-di-dong-chip-mediatek-592855\" target=\"_blank\">MediaTek MT 8735 4 nhân</a>, 1 GHz</div>\r\n  </li>\r\n  <li>RAM\r\n    <div>2 GB</div>\r\n  </li>\r\n  <li>Bộ nhớ trong\r\n    <div>16 GB</div>\r\n  </li>\r\n  <li>Camera sau\r\n    <div>5 MP</div>\r\n  </li>\r\n  <li>Camera trước\r\n    <div>2 MP</div>\r\n  </li>\r\n  <li>Kết nối mạng\r\n    <div>WiFi, 3G, <a href=\"https://www.thegioididong.com/hoi-dap/4g-la-gi-731757\" target=\"_blank\">4G LTE</a></div>\r\n  </li>\r\n  <li>Hỗ trợ SIM\r\n    <div><a href=\"http://www.thegioididong.com/tin-tuc/tim-hieu-cac-loai-sim-thong-dung-sim-thuong-micro--590216#microsim\" target=\"_blank\">Micro sim</a></div>\r\n  </li>\r\n  <li>Đàm thoại\r\n    <div>Có</div>\r\n  </li>\r\n</ul>\r\n', 'Lenovo Tab 3 8\"', '', 1, 'lenovo2.png'),
(16, 40, 2190000, '<h2>Thông số kỹ thuật</h2>\r\n<ul>\r\n  <li>Màn hình\r\n    <div><a href=\"https://www.thegioididong.com/hoi-dap/man-hinh-ips-lcd-la-gi-905752\" target=\"_blank\">IPS LCD</a>, 7\"</div>\r\n  </li>\r\n  <li>Hệ điều hành\r\n    <div><a href=\"https://www.thegioididong.com/hoi-dap/android-51-co-thay-doi-gi-moi-658189\" target=\"_blank\">Android 5.1</a></div>\r\n  </li>\r\n  <li>CPU\r\n    <div><a href=\"https://www.thegioididong.com/hoi-dap/tim-hieu-khac-nhau-giua-cpu-2-nhan-va-4-nhan-977633\" target=\"_blank\">CPU 4 nhân</a>, 1.3 GHz</div>\r\n  </li>\r\n  <li>RAM\r\n    <div>1 GB</div>\r\n  </li>\r\n  <li>Bộ nhớ trong\r\n    <div>16 GB</div>\r\n  </li>\r\n  <li>Camera sau\r\n    <div>2 MP</div>\r\n  </li>\r\n  <li>Camera trước\r\n    <div>0.3 MP</div>\r\n  </li>\r\n  <li>Kết nối mạng\r\n    <div>WiFi, 3G, Không hỗ trợ 4G</div>\r\n  </li>\r\n  <li>Hỗ trợ SIM\r\n    <div><a href=\"http://www.thegioididong.com/tin-tuc/tim-hieu-cac-loai-sim-thong-dung-sim-thuong-micro--590216#microsim\" target=\"_blank\">Micro sim</a></div>\r\n  </li>\r\n  <li>Đàm thoại\r\n    <div>Có</div>\r\n  </li>\r\n</ul>\r\n<br>\r\n', 'Lenovo Tab 3 Essential 16GB', '', 1, 'lenovo3.png'),
(17, 41, 6990000, '<h2>Thông số kỹ thuật</h2>\r\n<ul>\r\n  <li>Màn hình\r\n    <div><a href=\"https://www.thegioididong.com/hoi-dap/man-hinh-ips-lcd-la-gi-905752\" target=\"_blank\">IPS LCD</a>, 8\"</div>\r\n  </li>\r\n  <li>Hệ điều hành\r\n    <div>Android 7.0</div>\r\n  </li>\r\n  <li>CPU\r\n    <div><a href=\"https://www.thegioididong.com/hoi-dap/tim-hieu-chip-qualcomm-snapdragon-435-1009658\" target=\"_blank\">Qualcomm MSM8940</a>, 1.4 GHz</div>\r\n  </li>\r\n  <li>RAM\r\n    <div>3 GB</div>\r\n  </li>\r\n  <li>Bộ nhớ trong\r\n    <div>32 GB</div>\r\n  </li>\r\n  <li>Camera sau\r\n    <div>8 MP</div>\r\n  </li>\r\n  <li>Camera trước\r\n    <div>8 MP</div>\r\n  </li>\r\n  <li>Kết nối mạng\r\n    <div>WiFi, 3G, <a href=\"https://www.thegioididong.com/hoi-dap/4g-la-gi-731757\" target=\"_blank\">4G LTE</a></div>\r\n  </li>\r\n  <li>Hỗ trợ SIM\r\n    <div><a href=\"http://www.thegioididong.com/tin-tuc/tim-hieu-cac-loai-sim-thong-dung-sim-thuong-micro--590216#nanosim\" target=\"_blank\">Nano Sim</a></div>\r\n  </li>\r\n  <li>Đàm thoại\r\n    <div>Có</div>\r\n  </li>\r\n</ul>\r\n', 'Huawei MediaPad M3 8.0', '', 1, 'huawei1.png'),
(17, 42, 4290000, '<h2>Thông số kỹ thuật</h2>\r\n<ul>\r\n  <li>Màn hình\r\n    <div><a href=\"https://www.thegioididong.com/hoi-dap/man-hinh-ips-lcd-la-gi-905752\" target=\"_blank\">IPS LCD</a>, 8\"</div>\r\n  </li>\r\n  <li>Hệ điều hành\r\n    <div>Android 7.0</div>\r\n  </li>\r\n  <li>CPU\r\n    <div><a href=\"https://www.thegioididong.com/hoi-dap/tim-hieu-chip-qualcomm-snapdragon-425-1009665\" target=\"_blank\">Qualcomm MSM8917</a>, 1.4 GHz</div>\r\n  </li>\r\n  <li>RAM\r\n    <div>2 GB</div>\r\n  </li>\r\n  <li>Bộ nhớ trong\r\n    <div>16 GB</div>\r\n  </li>\r\n  <li>Camera sau\r\n    <div>5 MP</div>\r\n  </li>\r\n  <li>Camera trước\r\n    <div>2 MP</div>\r\n  </li>\r\n  <li>Kết nối mạng\r\n    <div>WiFi, 3G, <a href=\"https://www.thegioididong.com/hoi-dap/4g-la-gi-731757\" target=\"_blank\">4G LTE</a></div>\r\n  </li>\r\n  <li>Hỗ trợ SIM\r\n    <div><a href=\"http://www.thegioididong.com/tin-tuc/tim-hieu-cac-loai-sim-thong-dung-sim-thuong-micro--590216#nanosim\" target=\"_blank\">Nano Sim</a></div>\r\n  </li>\r\n  <li>Đàm thoại\r\n    <div>Có</div>\r\n  </li>\r\n</ul>\r\n', 'Huawei MediaPad T3 8.0', '', 1, 'huawei2.png'),
(17, 43, 3990000, '<h2>Thông số kỹ thuật</h2>\r\n<ul>\r\n  <li>Màn hình\r\n    <div><a href=\"https://www.thegioididong.com/hoi-dap/man-hinh-ips-lcd-la-gi-905752\" target=\"_blank\">IPS LCD</a>, 6.4\"</div>\r\n  </li>\r\n  <li>Hệ điều hành\r\n    <div><a href=\"https://www.thegioididong.com/hoi-dap/android-6-marshmallow-co-gi-hot-726146\" target=\"_blank\">Android 6.0 (Marshmallow)</a></div>\r\n  </li>\r\n  <li>CPU\r\n    <div><a href=\"https://www.thegioididong.com/tin-tuc/tim-hieu-vi-xu-ly-tren-di-dong-chip-mediatek-592855\" target=\"_blank\">MediaTek MT 8735 4 nhân</a>, 1.3 GHz</div>\r\n  </li>\r\n  <li>RAM\r\n    <div>3 GB</div>\r\n  </li>\r\n  <li>Bộ nhớ trong\r\n    <div>32 GB</div>\r\n  </li>\r\n  <li>Camera sau\r\n    <div>13 MP</div>\r\n  </li>\r\n  <li>Camera trước\r\n    <div>5 MP</div>\r\n  </li>\r\n  <li>Kết nối mạng\r\n    <div>WiFi, 3G, <a href=\"https://www.thegioididong.com/hoi-dap/4g-la-gi-731757\" target=\"_blank\">4G LTE</a></div>\r\n  </li>\r\n  <li>Hỗ trợ SIM\r\n    <div><a href=\"http://www.thegioididong.com/tin-tuc/tim-hieu-cac-loai-sim-thong-dung-sim-thuong-micro--590216#microsim\" target=\"_blank\">Micro sim</a></div>\r\n  </li>\r\n  <li>Đàm thoại\r\n    <div>Có</div>\r\n  </li>\r\n</ul>\r\n', 'huawei 128', '', 1, 'huawei3.png'),
(17, 44, 2090000, '<h2>Thông số kỹ thuật</h2>\r\n<ul>\r\n  <li>Màn hình\r\n    <div>WSVGA - IPS, 7\"</div>\r\n  </li>\r\n  <li>Hệ điều hành\r\n    <div><a href=\"https://www.thegioididong.com/tin-tuc/he-dieu-hanh-android-qua-cac-phien-ban-cap-nhat-592544#android44\" target=\"_blank\">Android 4.4</a></div>\r\n  </li>\r\n  <li>CPU\r\n    <div><a href=\"https://www.thegioididong.com/hoi-dap/danh-gia-spreadtrum-sc7731g-896997\" target=\"_blank\">Spreadtrum SC7731G 4 nhân</a>, 1.2 GHz</div>\r\n  </li>\r\n  <li>RAM\r\n    <div>1 GB</div>\r\n  </li>\r\n  <li>Bộ nhớ trong\r\n    <div>8 GB</div>\r\n  </li>\r\n  <li>Camera sau\r\n    <div>2 MP</div>\r\n  </li>\r\n  <li>Camera trước\r\n    <div>2 MP</div>\r\n  </li>\r\n  <li>Kết nối mạng\r\n    <div>WiFi, 3G, Không hỗ trợ 4G</div>\r\n  </li>\r\n  <li>Hỗ trợ SIM\r\n    <div><a href=\"http://www.thegioididong.com/tin-tuc/tim-hieu-cac-loai-sim-thong-dung-sim-thuong-micro--590216#microsim\" target=\"_blank\">Micro sim</a></div>\r\n  </li>\r\n  <li>Đàm thoại\r\n    <div>Có</div>\r\n  </li>\r\n</ul>\r\n', '', '', 1, 'huawei4.png'),
(17, 45, 2990000, '<h2>Thông số kỹ thuật</h2>\r\n<ul>\r\n  <li>Màn hình\r\n    <div><a href=\"https://www.thegioididong.com/hoi-dap/man-hinh-ips-wxga-la-gi-599421\" target=\"_blank\">IPS WXGA</a>, 8\"</div>\r\n  </li>\r\n  <li>Hệ điều hành\r\n    <div><a href=\"https://www.thegioididong.com/tin-tuc/he-dieu-hanh-android-qua-cac-phien-ban-cap-nhat-592544#android43\" target=\"_blank\">Android 4.3</a></div>\r\n  </li>\r\n  <li>CPU\r\n    <div><a href=\"https://www.thegioididong.com/tin-tuc/tim-hieu-vi-xu-ly-di-dong-arm-va-qualcomm-snapdrag-592769#arm\" target=\"_blank\">ARM Cortex A7 (MSM 8210) 4 nhân</a>, 1.2 GHz</div>\r\n  </li>\r\n  <li>RAM\r\n    <div>1 GB</div>\r\n  </li>\r\n  <li>Bộ nhớ trong\r\n    <div>8 GB</div>\r\n  </li>\r\n  <li>Camera sau\r\n    <div>5 MP</div>\r\n  </li>\r\n  <li>Camera trước\r\n    <div>0.3 MP</div>\r\n  </li>\r\n  <li>Kết nối mạng\r\n    <div>WiFi, 3G, Không hỗ trợ 4G</div>\r\n  </li>\r\n  <li>Hỗ trợ SIM\r\n    <div><a href=\"http://www.thegioididong.com/tin-tuc/tim-hieu-cac-loai-sim-thong-dung-sim-thuong-micro--590216#microsim\" target=\"_blank\">Micro sim</a></div>\r\n  </li>\r\n  <li>Đàm thoại\r\n    <div>Có</div>\r\n  </li>\r\n</ul>\r\n', 'Huawei MediaPad T1 8.0', '', 1, 'huawei5.png'),
(18, 46, 2190000, '<h2>Thông số kỹ thuật</h2>\r\n<ul>\r\n  <li>Màn hình\r\n    <div><a href=\"https://www.thegioididong.com/hoi-dap/man-hinh-ips-lcd-la-gi-905752\" target=\"_blank\">IPS LCD</a>, 7\"</div>\r\n  </li>\r\n  <li>Hệ điều hành\r\n    <div><a href=\"https://www.thegioididong.com/hoi-dap/android-6-marshmallow-co-gi-hot-726146\" target=\"_blank\">Android 6.0 (Marshmallow)</a></div>\r\n  </li>\r\n  <li>CPU\r\n    <div><a href=\"https://www.thegioididong.com/hoi-dap/tim-hieu-chip-mediatek-mt8321-977638\" target=\"_blank\">MediaTek MT 8321 4 nhân</a>, 1.3 GHz</div>\r\n  </li>\r\n  <li>RAM\r\n    <div>1 GB</div>\r\n  </li>\r\n  <li>Bộ nhớ trong\r\n    <div>16 GB</div>\r\n  </li>\r\n  <li>Camera sau\r\n    <div>5 MP</div>\r\n  </li>\r\n  <li>Camera trước\r\n    <div>2 MP</div>\r\n  </li>\r\n  <li>Kết nối mạng\r\n    <div>WiFi, 3G, Không hỗ trợ 4G</div>\r\n  </li>\r\n  <li>Hỗ trợ SIM\r\n    <div>1 Sim Micro, 1 Sim Nano</div>\r\n  </li>\r\n  <li>Đàm thoại\r\n    <div>Có</div>\r\n  </li>\r\n</ul>\r\n', 'Acer Iconia Talk 7 B1-733', '', 1, 'acer.png'),
(19, 47, 2290000, '<h2>Thông số kỹ thuật</h2>\r\n<ul>\r\n  <li>Màn hình\r\n    <div><a href=\"https://www.thegioididong.com/hoi-dap/man-hinh-ips-lcd-la-gi-905752\" target=\"_blank\">IPS LCD</a>, 7\"</div>\r\n  </li>\r\n  <li>Hệ điều hành\r\n    <div><a href=\"https://www.thegioididong.com/hoi-dap/android-51-co-thay-doi-gi-moi-658189\" target=\"_blank\">Android 5.1</a></div>\r\n  </li>\r\n  <li>CPU\r\n    <div><a href=\"https://www.thegioididong.com/hoi-dap/danh-gia-spreadtrum-sc7731g-896997\" target=\"_blank\">Spreadtrum SC7731G 4 nhân</a>, 1.3 GHz</div>\r\n  </li>\r\n  <li>RAM\r\n    <div>1 GB</div>\r\n  </li>\r\n  <li>Bộ nhớ trong\r\n    <div>16 GB</div>\r\n  </li>\r\n  <li>Camera sau\r\n    <div>5 MP</div>\r\n  </li>\r\n  <li>Camera trước\r\n    <div>2 MP</div>\r\n  </li>\r\n  <li>Kết nối mạng\r\n    <div>WiFi, 3G, Không hỗ trợ 4G</div>\r\n  </li>\r\n</ul>\r\n', 'Itel Tab it1703', '', 1, 'itel1.png'),
(19, 48, 1990000, '<h2>Thông số kỹ thuật</h2>\r\n<ul>\r\n  <li>Màn hình\r\n    <div><a href=\"https://www.thegioididong.com/hoi-dap/man-hinh-ips-lcd-la-gi-905752\" target=\"_blank\">IPS LCD</a>, 7\"</div>\r\n  </li>\r\n  <li>Hệ điều hành\r\n    <div><a href=\"https://www.thegioididong.com/hoi-dap/android-51-co-thay-doi-gi-moi-658189\" target=\"_blank\">Android 5.1</a></div>\r\n  </li>\r\n  <li>CPU\r\n    <div><a href=\"https://www.thegioididong.com/hoi-dap/danh-gia-spreadtrum-sc7731g-896997\" target=\"_blank\">Spreadtrum SC7731G 4 nhân</a>, 1.3 GHz</div>\r\n  </li>\r\n  <li>RAM\r\n    <div>1 GB</div>\r\n  </li>\r\n  <li>Bộ nhớ trong\r\n    <div>16 GB</div>\r\n  </li>\r\n  <li>Camera sau\r\n    <div>5 MP</div>\r\n  </li>\r\n  <li>Camera trước\r\n    <div>2 MP</div>\r\n  </li>\r\n  <li>Kết nối mạng\r\n    <div>WiFi, 3G, Không hỗ trợ 4G</div>\r\n  </li>\r\n</ul>\r\n', 'Itel Tab it1702', '', 1, 'itel2.png'),
(20, 49, 2990000, '<h2>Thông số kỹ thuật</h2>\r\n<ul>\r\n  <li>Màn hình\r\n    <div><a href=\"https://www.thegioididong.com/hoi-dap/man-hinh-ips-lcd-la-gi-905752\" target=\"_blank\">IPS LCD</a>, 8\"</div>\r\n  </li>\r\n  <li>Hệ điều hành\r\n    <div><a href=\"https://www.thegioididong.com/hoi-dap/android-51-co-thay-doi-gi-moi-658189\" target=\"_blank\">Android 5.1</a></div>\r\n  </li>\r\n  <li>CPU\r\n    <div><a href=\"https://www.thegioididong.com/hoi-dap/tim-hieu-chip-mediatek-mt8321-977638\" target=\"_blank\">MTK 8321 4 nhân</a>, 1.33 GHz</div>\r\n  </li>\r\n  <li>RAM\r\n    <div>1 GB</div>\r\n  </li>\r\n  <li>Bộ nhớ trong\r\n    <div>16 GB</div>\r\n  </li>\r\n  <li>Camera sau\r\n    <div>8 MP</div>\r\n  </li>\r\n  <li>Camera trước\r\n    <div>5 MP</div>\r\n  </li>\r\n  <li>Kết nối mạng\r\n    <div>WiFi, 3G, Không hỗ trợ 4G</div>\r\n  </li>\r\n  <li>Hỗ trợ SIM\r\n    <div><a href=\"http://www.thegioididong.com/tin-tuc/tim-hieu-cac-loai-sim-thong-dung-sim-thuong-micro--590216#nanosim\" target=\"_blank\">Nano Sim</a></div>\r\n  </li>\r\n  <li>Đàm thoại\r\n    <div>Có</div>\r\n  </li>\r\n</ul>\r\n', 'Mobell Tab 8 Pro', '', 1, 'mobell1.png'),
(20, 50, 2490000, '<h2>Thông số kỹ thuật</h2>\r\n<ul>\r\n  <li>Màn hình\r\n    <div><a href=\"https://www.thegioididong.com/hoi-dap/man-hinh-ips-lcd-la-gi-905752\" target=\"_blank\">IPS LCD</a>, 8\"</div>\r\n  </li>\r\n  <li>Hệ điều hành\r\n    <div><a href=\"https://www.thegioididong.com/hoi-dap/android-51-co-thay-doi-gi-moi-658189\" target=\"_blank\">Android 5.1</a></div>\r\n  </li>\r\n  <li>CPU\r\n    <div><a href=\"https://www.thegioididong.com/hoi-dap/tim-hieu-chip-mediatek-mt8321-977638\" target=\"_blank\">MediaTek MT 8321 4 nhân</a>, 1.3 GHz</div>\r\n  </li>\r\n  <li>RAM\r\n    <div>1 GB</div>\r\n  </li>\r\n  <li>Bộ nhớ trong\r\n    <div>8 GB</div>\r\n  </li>\r\n  <li>Camera sau\r\n    <div>8 MP</div>\r\n  </li>\r\n  <li>Camera trước\r\n    <div>2 MP</div>\r\n  </li>\r\n  <li>Kết nối mạng\r\n    <div>WiFi, 3G, Không hỗ trợ 4G</div>\r\n  </li>\r\n  <li>Hỗ trợ SIM\r\n    <div>SIM thường</div>\r\n  </li>\r\n  <li>Đàm thoại\r\n    <div>Có</div>\r\n  </li>\r\n</ul>\r\n', 'Mobell Tab 8s', '', 1, 'mobell2.png'),
(20, 51, 1690000, '<h2>Thông số kỹ thuật</h2>\r\n<ul>\r\n  <li>Màn hình\r\n    <div><a href=\"https://www.thegioididong.com/hoi-dap/man-hinh-ips-lcd-la-gi-905752\" target=\"_blank\">IPS LCD</a>, 7\"</div>\r\n  </li>\r\n  <li>Hệ điều hành\r\n    <div><a href=\"https://www.thegioididong.com/tin-tuc/he-dieu-hanh-android-qua-cac-phien-ban-cap-nhat-592544#android44\" target=\"_blank\">Android 4.4</a></div>\r\n  </li>\r\n  <li>CPU\r\n    <div><a href=\"https://www.thegioididong.com/hoi-dap/danh-gia-spreadtrum-sc7731g-896997\" target=\"_blank\">Spreadtrum SC7731G 4 nhân</a>, 1.3 GHz</div>\r\n  </li>\r\n  <li>RAM\r\n    <div>1 GB</div>\r\n  </li>\r\n  <li>Bộ nhớ trong\r\n    <div>8 GB</div>\r\n  </li>\r\n  <li>Camera sau\r\n    <div>2 MP</div>\r\n  </li>\r\n  <li>Camera trước\r\n    <div>0.3 MP</div>\r\n  </li>\r\n  <li>Kết nối mạng\r\n    <div>WiFi, 3G, Không hỗ trợ 4G</div>\r\n  </li>\r\n  <li>Hỗ trợ SIM\r\n    <div>SIM thường</div>\r\n  </li>\r\n  <li>Đàm thoại\r\n    <div>Có</div>\r\n  </li>\r\n</ul>\r\n', 'MOBELL TAB 7S', '', 1, 'mobell3.png'),
(7, 52, 6390000, '<h2>Thông số kỹ thuật</h2>\r\n<ul>\r\n  <li>CPU:\r\n    <div><a href=\"https://www.thegioididong.com/tin-tuc/tim-hieu-vi-xu-ly-may-tinh-cpu-intel-596066#intelceleron\" target=\"_blank\">Intel Celeron</a>, N3350, 1.10 GHz</div>\r\n  </li>\r\n  <li>RAM:\r\n    <div>2 GB, <a href=\"https://www.thegioididong.com/hoi-dap/ram-ddr3l-on-board-la-nhu-the-nao-951049\" target=\"_blank\">DDR3L(On board)</a>, 1600 MHz</div>\r\n  </li>\r\n  <li>Ổ cứng:\r\n    <div><a href=\"https://www.thegioididong.com/hoi-dap/hdd-la-gi-922791\" target=\"_blank\">HDD: 500 GB</a></div>\r\n  </li>\r\n  <li>Màn hình:\r\n    <div>14 inch, HD (1366 x 768)</div>\r\n  </li>\r\n  <li>Card màn hình:\r\n    <div><a href=\"https://www.thegioididong.com/hoi-dap/card-do-hoa-tich-hop-la-gi-950047\" target=\"_blank\">Card đồ họa tích hợp</a>, <a href=\"https://www.thegioididong.com/tin-tuc/card-do-hoa-onboard-tren-laptop-594905#intelhdgraphics\" target=\"_blank\">Intel® HD Graphics</a></div>\r\n  </li>\r\n  <li>Cổng kết nối:\r\n    <div><a href=\"https://www.thegioididong.com/tin-tuc/cong-giao-tiep-usb-la-gi--590168\" target=\"_blank\">2 x USB 2.0</a>, <a href=\"https://www.thegioididong.com/tin-tuc/hdmi-la-gi--590061\" target=\"_blank\">HDMI</a>, <a href=\"https://www.thegioididong.com/hoi-dap/cho-minh-hoi-thong-so-laptop-co-nhung-cai-nay-10-743872\" target=\"_blank\">LAN (RJ45)</a>, <a href=\"https://www.thegioididong.com/hoi-dap/usb-30-la-gi-926737\" target=\"_blank\">USB 3.0</a></div>\r\n  </li>\r\n  <li>Hệ điều hành:\r\n    <div><a href=\"https://www.thegioididong.com/hoi-dap/windows-10-co-tot-khong-953411\" target=\"_blank\">Windows 10</a></div>\r\n  </li>\r\n  <li>Thiết kế:\r\n    <div>Vỏ nhựa, PIN liền</div>\r\n  </li>\r\n  <li>Kích thước:\r\n    <div>Dày 23.6 mm, 1.92 kg</div>\r\n  </li>\r\n</ul>\r\n', 'Laptop Acer Aspire ES1 432 C5J2 N3350/', '', 1, 'Lapacer1.png'),
(7, 53, 7490000, '<h2>Thông số kỹ thuật</h2>\r\n<ul>\r\n  <li>CPU:\r\n    <div><a href=\"https://www.thegioididong.com/tin-tuc/tim-hieu-vi-xu-ly-may-tinh-cpu-intel-596066#intelpentinum\" target=\"_blank\">Intel Pentium</a>, N4200, 1.10 GHz</div>\r\n  </li>\r\n  <li>RAM:\r\n    <div>4 GB, <a href=\"https://www.thegioididong.com/tin-tuc/ram-laptop-599009#ramddr3l\" target=\"_blank\">DDR3L (1 khe RAM)</a>, 1600 MHz</div>\r\n  </li>\r\n  <li>Ổ cứng:\r\n    <div><a href=\"https://www.thegioididong.com/hoi-dap/hdd-la-gi-922791\" target=\"_blank\">HDD: 500 GB</a></div>\r\n  </li>\r\n  <li>Màn hình:\r\n    <div>15.6 inch, HD (1366 x 768)</div>\r\n  </li>\r\n  <li>Card màn hình:\r\n    <div><a href=\"https://www.thegioididong.com/hoi-dap/card-do-hoa-tich-hop-la-gi-950047\" target=\"_blank\">Card đồ họa tích hợp</a>, <a href=\"https://www.thegioididong.com/tin-tuc/card-do-hoa-onboard-tren-laptop-594905#intelhdgraphics\" target=\"_blank\">Intel® HD Graphics</a></div>\r\n  </li>\r\n  <li>Cổng kết nối:\r\n    <div><a href=\"https://www.thegioididong.com/tin-tuc/cong-giao-tiep-usb-la-gi--590168\" target=\"_blank\">2 x USB 2.0</a>, <a href=\"https://www.thegioididong.com/tin-tuc/hdmi-la-gi--590061\" target=\"_blank\">HDMI</a>, <a href=\"https://www.thegioididong.com/hoi-dap/cho-minh-hoi-thong-so-laptop-co-nhung-cai-nay-10-743872\" target=\"_blank\">LAN (RJ45)</a>, <a href=\"https://www.thegioididong.com/hoi-dap/usb-30-la-gi-926737\" target=\"_blank\">USB 3.0</a></div>\r\n  </li>\r\n  <li>Hệ điều hành:\r\n    <div><a href=\"https://www.thegioididong.com/hoi-dap/windows-10-co-tot-khong-953411\" target=\"_blank\">Windows 10</a></div>\r\n  </li>\r\n  <li>Thiết kế:\r\n    <div>Vỏ nhựa, PIN liền</div>\r\n  </li>\r\n  <li>Kích thước:\r\n    <div>Dày 24.6 mm, 2.4 kg</div>\r\n  </li>\r\n</ul>\r\n', 'Laptop Acer ES1 533 N4200', '', 1, 'Lapacer2.png'),
(7, 54, 9790000, '<h2>Thông số kỹ thuật</h2>\r\n<ul>\r\n  <li>CPU:\r\n    <div><a href=\"https://www.thegioididong.com/hoi-dap/intel-core-the-he-thu-6-skylake-774739#i3\" target=\"_blank\">Intel Core i3 Skylake</a>, 6006U, 2.00 GHz</div>\r\n  </li>\r\n  <li>RAM:\r\n    <div>4 GB, <a href=\"https://www.thegioididong.com/hoi-dap/ram-ddr4-la-gi-882173\" target=\"_blank\">DDR4 (2 khe)</a>, 2133 MHz</div>\r\n  </li>\r\n  <li>Ổ cứng:\r\n    <div><a href=\"https://www.thegioididong.com/hoi-dap/hdd-la-gi-922791\" target=\"_blank\">HDD: 500 GB</a></div>\r\n  </li>\r\n  <li>Màn hình:\r\n    <div>14 inch, HD (1366 x 768)</div>\r\n  </li>\r\n  <li>Card màn hình:\r\n    <div><a href=\"https://www.thegioididong.com/hoi-dap/card-do-hoa-tich-hop-la-gi-950047\" target=\"_blank\">Card đồ họa tích hợp</a>, <a href=\"https://www.thegioididong.com/hoi-dap/intel-hd-graphics-520-843418\" target=\"_blank\">Intel® HD Graphics 520</a></div>\r\n  </li>\r\n  <li>Cổng kết nối:\r\n    <div><a href=\"https://www.thegioididong.com/hoi-dap/usb-30-la-gi-926737\" target=\"_blank\">2 x USB 3.0</a>, <a href=\"https://www.thegioididong.com/tin-tuc/hdmi-la-gi--590061\" target=\"_blank\">HDMI</a>, <a href=\"https://www.thegioididong.com/hoi-dap/cho-minh-hoi-thong-so-laptop-co-nhung-cai-nay-10-743872\" target=\"_blank\">LAN (RJ45)</a>, <a href=\"https://www.thegioididong.com/tin-tuc/cong-giao-tiep-usb-la-gi--590168\" target=\"_blank\">USB 2.0</a></div>\r\n  </li>\r\n  <li>Hệ điều hành:\r\n    <div><a href=\"https://www.thegioididong.com/hoi-dap/windows-10-co-tot-khong-953411\" target=\"_blank\">Windows 10</a></div>\r\n  </li>\r\n  <li>Thiết kế:\r\n    <div>Vỏ nhựa, PIN liền</div>\r\n  </li>\r\n  <li>Kích thước:\r\n    <div>Dày 23.7 mm, 2.1 kg</div>\r\n  </li>\r\n</ul>\r\n', 'Laptop Acer Aspire E5 475 33WT i3 6006U', '', 1, 'Lapacer3.png'),
(7, 55, 10290000, '<h2>Thông số kỹ thuật</h2>\r\n<ul>\r\n  <li>CPU:\r\n    <div><a href=\"https://www.thegioididong.com/hoi-dap/intel-core-the-he-thu-6-skylake-774739#i3\" target=\"_blank\">Intel Core i3 Skylake</a>, 6006U, 2.00 GHz</div>\r\n  </li>\r\n  <li>RAM:\r\n    <div>4 GB, <a href=\"https://www.thegioididong.com/hoi-dap/ram-ddr4-la-gi-882173\" target=\"_blank\">DDR4 (On board +1 khe)</a>, 2133 MHz</div>\r\n  </li>\r\n  <li>Ổ cứng:\r\n    <div><a href=\"https://www.thegioididong.com/hoi-dap/hdd-la-gi-922791\" target=\"_blank\">HDD: 500 GB</a></div>\r\n  </li>\r\n  <li>Màn hình:\r\n    <div>15.6 inch, <a href=\"https://www.thegioididong.com/hoi-dap/man-hinh-fhd-la-gi-956294\" target=\"_blank\">Full HD (1920 x 1080)</a></div>\r\n  </li>\r\n  <li>Card màn hình:\r\n    <div><a href=\"https://www.thegioididong.com/hoi-dap/card-do-hoa-tich-hop-la-gi-950047\" target=\"_blank\">Card đồ họa tích hợp</a>, <a href=\"https://www.thegioididong.com/hoi-dap/intel-hd-graphics-520-843418\" target=\"_blank\">Intel® HD Graphics 520</a></div>\r\n  </li>\r\n  <li>Cổng kết nối:\r\n    <div><a href=\"https://www.thegioididong.com/tin-tuc/cong-giao-tiep-usb-la-gi--590168\" target=\"_blank\">2 x USB 2.0</a>, <a href=\"https://www.thegioididong.com/tin-tuc/hdmi-la-gi--590061\" target=\"_blank\">HDMI</a>, <a href=\"https://www.thegioididong.com/hoi-dap/cho-minh-hoi-thong-so-laptop-co-nhung-cai-nay-10-743872\" target=\"_blank\">LAN (RJ45)</a>, <a href=\"https://www.thegioididong.com/hoi-dap/usb-30-la-gi-926737\" target=\"_blank\">USB 3.0</a></div>\r\n  </li>\r\n  <li>Hệ điều hành:\r\n    <div><a href=\"https://www.thegioididong.com/hoi-dap/windows-10-co-tot-khong-953411\" target=\"_blank\">Windows 10</a></div>\r\n  </li>\r\n  <li>Thiết kế:\r\n    <div>Vỏ nhựa, PIN liền</div>\r\n  </li>\r\n  <li>Kích thước:\r\n    <div>Dày 21.6 mm, 2.1 kg</div>\r\n  </li>\r\n</ul>\r\n', 'Laptop Acer Aspire A315 51 31X0 i3 6006U', '', 1, 'Lapacer4.png'),
(8, 56, 6990000, '<h2>Thông số kỹ thuật</h2>\r\n<ul>\r\n  <li>CPU:\r\n    <div><a href=\"https://www.thegioididong.com/tin-tuc/tim-hieu-vi-xu-ly-may-tinh-cpu-intel-596066#intelpentinum\" target=\"_blank\">Intel Pentium</a>, N3710, 1.60 GHz</div>\r\n  </li>\r\n  <li>RAM:\r\n    <div>4 GB, <a href=\"https://www.thegioididong.com/tin-tuc/ram-laptop-599009#ramddr3l\" target=\"_blank\">DDR3L (1 khe RAM)</a>, 1600 MHz</div>\r\n  </li>\r\n  <li>Ổ cứng:\r\n    <div><a href=\"https://www.thegioididong.com/hoi-dap/hdd-la-gi-922791\" target=\"_blank\">HDD: 500 GB</a></div>\r\n  </li>\r\n  <li>Màn hình:\r\n    <div>15.6 inch, HD (1366 x 768)</div>\r\n  </li>\r\n  <li>Card màn hình:\r\n    <div><a href=\"https://www.thegioididong.com/hoi-dap/card-do-hoa-tich-hop-la-gi-950047\" target=\"_blank\">Card đồ họa tích hợp</a>, <a href=\"https://www.thegioididong.com/hoi-dap/intel-hd-graphics-405-959250\" target=\"_blank\">Intel® HD Graphics 405</a></div>\r\n  </li>\r\n  <li>Cổng kết nối:\r\n    <div><a href=\"https://www.thegioididong.com/tin-tuc/hdmi-la-gi--590061\" target=\"_blank\">HDMI</a>, <a href=\"https://www.thegioididong.com/hoi-dap/cho-minh-hoi-thong-so-laptop-co-nhung-cai-nay-10-743872\" target=\"_blank\">LAN (RJ45)</a>, <a href=\"https://www.thegioididong.com/tin-tuc/cong-giao-tiep-usb-la-gi--590168\" target=\"_blank\">USB 2.0</a>, <a href=\"https://www.thegioididong.com/hoi-dap/usb-30-la-gi-926737\" target=\"_blank\">USB 3.0</a></div>\r\n  </li>\r\n  <li>Hệ điều hành:\r\n    <div><a href=\"https://www.thegioididong.com/hoi-dap/windows-10-co-tot-khong-953411\" target=\"_blank\">Windows 10</a></div>\r\n  </li>\r\n  <li>Thiết kế:\r\n    <div>Vỏ nhựa, PIN liền</div>\r\n  </li>\r\n  <li>Kích thước:\r\n    <div>Dày 22.9 mm, 2.2 Kg</div>\r\n  </li>\r\n</ul>\r\n', 'Laptop Lenovo IdeaPad 110 15IBR N3710', '', 1, 'laplenovo.jpg'),
(8, 57, 9490000, '<h2>Thông số kỹ thuật</h2>\r\n<ul>\r\n  <li>CPU:\r\n    <div><a href=\"https://www.thegioididong.com/hoi-dap/intel-core-the-he-thu-6-skylake-774739#i3\" target=\"_blank\">Intel Core i3 Skylake</a>, 6006U, 2.00 GHz</div>\r\n  </li>\r\n  <li>RAM:\r\n    <div>4 GB, <a href=\"https://www.thegioididong.com/hoi-dap/ram-ddr4-la-gi-882173\" target=\"_blank\">DDR4 (On board)</a>, 2133 MHz</div>\r\n  </li>\r\n  <li>Ổ cứng:\r\n    <div><a href=\"https://www.thegioididong.com/hoi-dap/hdd-la-gi-922791\" target=\"_blank\">HDD: 1 TB</a></div>\r\n  </li>\r\n  <li>Màn hình:\r\n    <div>15.6 inch, <a href=\"https://www.thegioididong.com/hoi-dap/man-hinh-fhd-la-gi-956294\" target=\"_blank\">Full HD (1920 x 1080)</a></div>\r\n  </li>\r\n  <li>Card màn hình:\r\n    <div><a href=\"https://www.thegioididong.com/hoi-dap/card-do-hoa-tich-hop-la-gi-950047\" target=\"_blank\">Card đồ họa tích hợp</a>, <a href=\"https://www.thegioididong.com/hoi-dap/intel-hd-graphics-520-843418\" target=\"_blank\">Intel® HD Graphics 520</a></div>\r\n  </li>\r\n  <li>Cổng kết nối:\r\n    <div><a href=\"https://www.thegioididong.com/tin-tuc/hdmi-la-gi--590061\" target=\"_blank\">HDMI</a>, <a href=\"https://www.thegioididong.com/hoi-dap/cho-minh-hoi-thong-so-laptop-co-nhung-cai-nay-10-743872\" target=\"_blank\">LAN (RJ45)</a>, <a href=\"https://www.thegioididong.com/tin-tuc/cong-giao-tiep-usb-la-gi--590168\" target=\"_blank\">USB 2.0</a>, <a href=\"https://www.thegioididong.com/hoi-dap/usb-30-la-gi-926737\" target=\"_blank\">USB 3.0</a></div>\r\n  </li>\r\n  <li>Hệ điều hành:\r\n    <div><a href=\"https://www.thegioididong.com/hoi-dap/windows-10-co-tot-khong-953411\" target=\"_blank\">Windows 10</a></div>\r\n  </li>\r\n  <li>Thiết kế:\r\n    <div>Vỏ nhựa, PIN liền</div>\r\n  </li>\r\n  <li>Kích thước:\r\n    <div>Dày 22.9 mm, 2.3 kg</div>\r\n  </li>\r\n</ul>\r\n', 'Laptop Lenovo IdeaPad 110 15ISK i3 6006U', '', 1, 'laplenovo2.jpg');
INSERT INTO `sanpham` (`idLoai`, `idSP`, `gia`, `MoTa`, `Tensp`, `ghichu`, `Anhien`, `hinh`) VALUES
(8, 58, 11990000, '<h2>Thông số kỹ thuật</h2>\r\n<ul>\r\n  <li>CPU:\r\n    <div><a href=\"https://www.thegioididong.com/hoi-dap/bo-xu-ly-intel-core-i3-i5-i7-the-he-thu-7-952583\" target=\"_blank\">Intel Core i5 Kabylake</a>, 7200U, 2.50 GHz</div>\r\n  </li>\r\n  <li>RAM:\r\n    <div>4 GB, <a href=\"https://www.thegioididong.com/hoi-dap/ram-ddr4-la-gi-882173\" target=\"_blank\">DDR4 (1 khe)</a>, 2133 MHz</div>\r\n  </li>\r\n  <li>Ổ cứng:\r\n    <div><a href=\"https://www.thegioididong.com/hoi-dap/hdd-la-gi-922791\" target=\"_blank\">HDD: 1 TB</a></div>\r\n  </li>\r\n  <li>Màn hình:\r\n    <div>15.6 inch, <a href=\"https://www.thegioididong.com/hoi-dap/man-hinh-fhd-la-gi-956294\" target=\"_blank\">Full HD (1920 x 1080)</a></div>\r\n  </li>\r\n  <li>Card màn hình:\r\n    <div><a href=\"https://www.thegioididong.com/hoi-dap/card-do-hoa-tich-hop-la-gi-950047\" target=\"_blank\">Card đồ họa tích hợp</a>, <a href=\"https://www.thegioididong.com/hoi-dap/intel-hd-graphics-620-co-manh-khong-953533\" target=\"_blank\">Intel® HD Graphics 620</a></div>\r\n  </li>\r\n  <li>Cổng kết nối:\r\n    <div><a href=\"https://www.thegioididong.com/tin-tuc/cong-giao-tiep-usb-la-gi--590168\" target=\"_blank\">2 x USB 2.0</a>, <a href=\"https://www.thegioididong.com/tin-tuc/hdmi-la-gi--590061\" target=\"_blank\">HDMI</a>, <a href=\"https://www.thegioididong.com/hoi-dap/cho-minh-hoi-thong-so-laptop-co-nhung-cai-nay-10-743872\" target=\"_blank\">LAN (RJ45)</a>, <a href=\"https://www.thegioididong.com/hoi-dap/usb-30-la-gi-926737\" target=\"_blank\">USB 3.0</a>, <a href=\"https://www.thegioididong.com/hoi-dap/vga-la-gi-920575\" target=\"_blank\">VGA (D-Sub)</a></div>\r\n  </li>\r\n  <li>Hệ điều hành:\r\n    <div><a href=\"https://www.thegioididong.com/hoi-dap/windows-10-co-tot-khong-953411\" target=\"_blank\">Windows 10</a></div>\r\n  </li>\r\n  <li>Thiết kế:\r\n    <div>Vỏ nhựa, PIN liền</div>\r\n  </li>\r\n  <li>Kích thước:\r\n    <div>Dày 24 mm, 2.2 kg</div>\r\n  </li>\r\n</ul>\r\n', 'Laptop Lenovo IdeaPad 310 15IKB i5 7200U', '', 1, 'laplenovo3.jpg'),
(8, 59, 25990000, '<h2>Thông số kỹ thuật</h2>\r\n<ul>\r\n  <li>CPU:\r\n    <div><a href=\"https://www.thegioididong.com/hoi-dap/bo-xu-ly-intel-core-i3-i5-i7-the-he-thu-7-952583\" target=\"_blank\">Intel Core i7 Kabylake</a>, 7700HQ, 2.80 GHz</div>\r\n  </li>\r\n  <li>RAM:\r\n    <div>8 GB, <a href=\"https://www.thegioididong.com/hoi-dap/ram-ddr4-la-gi-882173\" target=\"_blank\">DDR4 (2 khe)</a>, 2400 MHz</div>\r\n  </li>\r\n  <li>Ổ cứng:\r\n    <div><a href=\"https://www.thegioididong.com/hoi-dap/nhung-laptop-co-ca-o-cung-hdd-va-ssd-la-nhu-the-na-1014363\" target=\"_blank\">HDD: 1 TB + SSD: 128GB</a>, <a href=\"https://www.thegioididong.com/hoi-dap/tim-hieu-ve-chuan-ssd-m2-986461\" target=\"_blank\">Hỗ trợ khe cắm SSD M.2</a></div>\r\n  </li>\r\n  <li>Màn hình:\r\n    <div>15.6 inch, <a href=\"https://www.thegioididong.com/hoi-dap/man-hinh-fhd-la-gi-956294\" target=\"_blank\">Full HD (1920 x 1080)</a></div>\r\n  </li>\r\n  <li>Card màn hình:\r\n    <div><a href=\"https://www.thegioididong.com/tin-tuc/card-do-hoa-roi-tren-laptop-594941\" target=\"_blank\">Card đồ họa rời</a>, <a href=\"https://www.thegioididong.com/hoi-dap/card-do-hoa-geforce-gtx-1050-976580\" target=\"_blank\">NVIDIA GeForce GTX 1050, 4GB</a></div>\r\n  </li>\r\n  <li>Cổng kết nối:\r\n    <div><a href=\"https://www.thegioididong.com/hoi-dap/usb-30-la-gi-926737\" target=\"_blank\">2 x USB 3.0</a>, <a href=\"https://www.thegioididong.com/tin-tuc/hdmi-la-gi--590061\" target=\"_blank\">HDMI</a>, <a href=\"https://www.thegioididong.com/hoi-dap/cho-minh-hoi-thong-so-laptop-co-nhung-cai-nay-10-743872\" target=\"_blank\">LAN (RJ45)</a>, <a href=\"https://www.thegioididong.com/tin-tuc/cong-giao-tiep-usb-la-gi--590168\" target=\"_blank\">USB 2.0</a>, <a href=\"https://www.thegioididong.com/hoi-dap/usb-type-c-chua-n-mu-c-co-ng-ke-t-no-i-mo-i-723760\" target=\"_blank\">USB Type-C</a></div>\r\n  </li>\r\n  <li>Đặc biệt:\r\n    <div>Có đèn bàn phím</div>\r\n  </li>\r\n  <li>Hệ điều hành:\r\n    <div><a href=\"https://www.thegioididong.com/hoi-dap/windows-10-co-tot-khong-953411\" target=\"_blank\">Windows 10</a></div>\r\n  </li>\r\n</ul>\r\n', 'Laptop Lenovo Legion Y520 15IKBN i7 7700HQ', '', 1, 'laplenovo4.jpg'),
(10, 60, 28190000, '<h2>Thông số kỹ thuật</h2>\r\n<ul>\r\n  <li>CPU:\r\n    <div><a href=\"https://www.thegioididong.com/hoi-dap/bo-xu-ly-intel-core-i3-i5-i7-the-he-thu-7-952583\" target=\"_blank\">Intel Core i5 Kabylake</a>, 7200U, 2.50 GHz</div>\r\n  </li>\r\n  <li>RAM:\r\n    <div>8 GB, <a href=\"https://www.thegioididong.com/hoi-dap/ram-ddr4-la-gi-882173\" target=\"_blank\">DDR4 (On board)</a>, 2133 MHz</div>\r\n  </li>\r\n  <li>Ổ cứng:\r\n    <div><a href=\"https://www.thegioididong.com/hoi-dap/tim-hieu-ve-chuan-ssd-m2-986461\" target=\"_blank\">SSD: 256 GB, M2</a></div>\r\n  </li>\r\n  <li>Màn hình:\r\n    <div>14 inch, <a href=\"https://www.thegioididong.com/hoi-dap/man-hinh-fhd-la-gi-956294\" target=\"_blank\">Full HD (1920 x 1080)</a></div>\r\n  </li>\r\n  <li>Card màn hình:\r\n    <div><a href=\"https://www.thegioididong.com/hoi-dap/card-do-hoa-tich-hop-la-gi-950047\" target=\"_blank\">Card đồ họa tích hợp</a>, <a href=\"https://www.thegioididong.com/hoi-dap/intel-hd-graphics-620-co-manh-khong-953533\" target=\"_blank\">Intel® HD Graphics 620</a></div>\r\n  </li>\r\n  <li>Cổng kết nối:\r\n    <div><a href=\"https://www.thegioididong.com/hoi-dap/usb-30-la-gi-926737\" target=\"_blank\">2 x USB 3.0</a>, <a href=\"https://www.thegioididong.com/tin-tuc/hdmi-la-gi--590061\" target=\"_blank\">HDMI</a>, <a href=\"https://www.thegioididong.com/hoi-dap/usb-type-c-chua-n-mu-c-co-ng-ke-t-no-i-mo-i-723760\" target=\"_blank\">USB Type-C</a></div>\r\n  </li>\r\n  <li>Đặc biệt:\r\n    <div>Có đèn bàn phím</div>\r\n  </li>\r\n  <li>Hệ điều hành:\r\n    <div><a href=\"https://www.thegioididong.com/hoi-dap/windows-10-co-tot-khong-953411\" target=\"_blank\">Windows 10</a></div>\r\n  </li>\r\n  <li>Thiết kế:\r\n    <div><a href=\"https://www.thegioididong.com/hoi-dap/vat-lieu-moi-soi-carbon-772721#carbon\" target=\"_blank\">Vỏ bằng sợi carbon</a>, PIN liền</div>\r\n  </li>\r\n  <li>Kích thước:\r\n    <div>Dày 16.7 mm, 970 g</div>\r\n  </li>\r\n</ul>\r\n', 'LG Gram 14Z970-G.AH52A5', '', 1, 'LG1.jpg'),
(10, 61, 32490000, '<h2>Thông số kỹ thuật</h2>\r\n<ul>\r\n  <li>CPU:\r\n    <div><a href=\"https://www.thegioididong.com/hoi-dap/bo-xu-ly-intel-core-i3-i5-i7-the-he-thu-7-952583\" target=\"_blank\">Intel Core i5 Kabylake</a>, 7200U, 2.50 GHz</div>\r\n  </li>\r\n  <li>RAM:\r\n    <div>8 GB, <a href=\"https://www.thegioididong.com/hoi-dap/ram-ddr4-la-gi-882173\" target=\"_blank\">DDR4 (On board)</a>, 2133 MHz</div>\r\n  </li>\r\n  <li>Ổ cứng:\r\n    <div><a href=\"https://www.thegioididong.com/hoi-dap/tim-hieu-ve-chuan-ssd-m2-986461\" target=\"_blank\">SSD: 512 GB, M2</a></div>\r\n  </li>\r\n  <li>Màn hình:\r\n    <div>15.6 inch, <a href=\"https://www.thegioididong.com/hoi-dap/man-hinh-fhd-la-gi-956294\" target=\"_blank\">Full HD (1920 x 1080)</a></div>\r\n  </li>\r\n  <li>Card màn hình:\r\n    <div><a href=\"https://www.thegioididong.com/hoi-dap/card-do-hoa-tich-hop-la-gi-950047\" target=\"_blank\">Card đồ họa tích hợp</a>, <a href=\"https://www.thegioididong.com/hoi-dap/intel-hd-graphics-620-co-manh-khong-953533\" target=\"_blank\">Intel® HD Graphics 620</a></div>\r\n  </li>\r\n  <li>Cổng kết nối:\r\n    <div><a href=\"https://www.thegioididong.com/hoi-dap/usb-30-la-gi-926737\" target=\"_blank\">2 x USB 3.0</a>, <a href=\"https://www.thegioididong.com/tin-tuc/hdmi-la-gi--590061\" target=\"_blank\">HDMI</a>, <a href=\"https://www.thegioididong.com/tin-tuc/cong-giao-tiep-usb-la-gi--590168\" target=\"_blank\">USB 2.0</a>, <a href=\"https://www.thegioididong.com/hoi-dap/usb-type-c-chua-n-mu-c-co-ng-ke-t-no-i-mo-i-723760\" target=\"_blank\">USB Type-C</a></div>\r\n  </li>\r\n  <li>Đặc biệt:\r\n    <div>Có đèn bàn phím</div>\r\n  </li>\r\n  <li>Hệ điều hành:\r\n    <div><a href=\"https://www.thegioididong.com/hoi-dap/windows-10-co-tot-khong-953411\" target=\"_blank\">Windows 10</a></div>\r\n  </li>\r\n  <li>Thiết kế:\r\n    <div><a href=\"https://www.thegioididong.com/hoi-dap/vat-lieu-moi-soi-carbon-772721#carbon\" target=\"_blank\">Vỏ bằng sợi carbon</a>, PIN liền</div>\r\n  </li>\r\n  <li>Kích thước:\r\n    <div>Dày 16.8 mm, 1090 g</div>\r\n  </li>\r\n</ul>\r\n', 'LG Gram 15Z970-G.AH55A5', '', 1, 'LG2.jpg'),
(1, 62, 12000000, 'dâf', 'son', 'à', 1, 'adff');

-- --------------------------------------------------------

--
-- Cấu trúc bảng cho bảng `user`
--

CREATE TABLE `user` (
  `idUser` int(11) NOT NULL,
  `Hoten` text CHARACTER SET utf8 NOT NULL,
  `username` varchar(100) CHARACTER SET utf8 NOT NULL,
  `email` varchar(100) CHARACTER SET utf8 NOT NULL,
  `Password` varchar(50) CHARACTER SET utf8 NOT NULL,
  `ngayDK` date NOT NULL,
  `Gioitinh` int(11) NOT NULL
) ENGINE=InnoDB DEFAULT CHARSET=utf8mb4;

--
-- Đang đổ dữ liệu cho bảng `user`
--

INSERT INTO `user` (`idUser`, `Hoten`, `username`, `email`, `Password`, `ngayDK`, `Gioitinh`) VALUES
(1, 'Lê Đức Woắn', 'woandien', 'quan@gmail.com', '123', '2017-10-03', 1),
(2, 'Đỗ đăng trình', 'trinhxautrai', 'àesag', 'aa', '2017-10-08', 1),
(3, 'son', 'sondeptrai', 'hoangson241097@gmail.com', '1234', '2025-10-17', 1);

--
-- Chỉ mục cho các bảng đã đổ
--

--
-- Chỉ mục cho bảng `chitiethoadon`
--
ALTER TABLE `chitiethoadon`
  ADD PRIMARY KEY (`idSP`);

--
-- Chỉ mục cho bảng `chungloaisanpham`
--
ALTER TABLE `chungloaisanpham`
  ADD PRIMARY KEY (`idCL`);

--
-- Chỉ mục cho bảng `hoadon`
--
ALTER TABLE `hoadon`
  ADD PRIMARY KEY (`maHD`);

--
-- Chỉ mục cho bảng `khachhang`
--
ALTER TABLE `khachhang`
  ADD PRIMARY KEY (`MaKH`);

--
-- Chỉ mục cho bảng `loaisp`
--
ALTER TABLE `loaisp`
  ADD PRIMARY KEY (`idLoai`);

--
-- Chỉ mục cho bảng `sanpham`
--
ALTER TABLE `sanpham`
  ADD PRIMARY KEY (`idSP`);

--
-- Chỉ mục cho bảng `user`
--
ALTER TABLE `user`
  ADD PRIMARY KEY (`idUser`);

--
-- AUTO_INCREMENT cho các bảng đã đổ
--

--
-- AUTO_INCREMENT cho bảng `chungloaisanpham`
--
ALTER TABLE `chungloaisanpham`
  MODIFY `idCL` int(12) NOT NULL AUTO_INCREMENT, AUTO_INCREMENT=3;
--
-- AUTO_INCREMENT cho bảng `hoadon`
--
ALTER TABLE `hoadon`
  MODIFY `maHD` int(11) NOT NULL AUTO_INCREMENT, AUTO_INCREMENT=2;
--
-- AUTO_INCREMENT cho bảng `khachhang`
--
ALTER TABLE `khachhang`
  MODIFY `MaKH` int(50) NOT NULL AUTO_INCREMENT, AUTO_INCREMENT=2;
--
-- AUTO_INCREMENT cho bảng `loaisp`
--
ALTER TABLE `loaisp`
  MODIFY `idLoai` int(11) NOT NULL AUTO_INCREMENT, AUTO_INCREMENT=22;
--
-- AUTO_INCREMENT cho bảng `sanpham`
--
ALTER TABLE `sanpham`
  MODIFY `idSP` int(11) NOT NULL AUTO_INCREMENT, AUTO_INCREMENT=63;
--
-- AUTO_INCREMENT cho bảng `user`
--
ALTER TABLE `user`
  MODIFY `idUser` int(11) NOT NULL AUTO_INCREMENT, AUTO_INCREMENT=4;COMMIT;

/*!40101 SET CHARACTER_SET_CLIENT=@OLD_CHARACTER_SET_CLIENT */;
/*!40101 SET CHARACTER_SET_RESULTS=@OLD_CHARACTER_SET_RESULTS */;
/*!40101 SET COLLATION_CONNECTION=@OLD_COLLATION_CONNECTION */;
